county,id,sh_usfr_within_50miles,sh_usfr_within_100miles,sh_usfr_within_500miles
01001,0,0.57,0.69,0.87
01003,1,0.53,0.57,0.83
01005,2,0.59,0.71,0.9
01007,3,0.75,0.8,0.92
01009,4,0.75,0.8,0.92
01011,5,0.68,0.76,0.91
01013,6,0.68,0.76,0.91
01015,7,0.64,0.77,0.91
01017,8,0.71,0.81,0.93
01019,9,0.73,0.83,0.93
01021,10,0.69,0.79,0.92
01023,11,0.57,0.72,0.91
01025,12,0.53,0.69,0.92
01027,13,0.68,0.81,0.93
01029,14,0.73,0.83,0.94
01031,15,0.53,0.6,0.81
01033,16,0.67,0.79,0.92
01035,17,0.55,0.72,0.89
01037,18,0.61,0.78,0.91
01039,19,0.63,0.74,0.91
01041,20,0.68,0.78,0.92
01043,21,0.73,0.79,0.91
01045,22,0.53,0.6,0.8
01047,23,0.54,0.75,0.91
01049,24,0.72,0.81,0.93
01051,25,0.63,0.73,0.89
01053,26,0.65,0.75,0.91
01055,27,0.68,0.79,0.92
01057,28,0.7,0.8,0.92
01059,29,0.69,0.8,0.92
01061,30,0.68,0.74,0.9
01063,31,0.67,0.77,0.91
01065,32,0.68,0.77,0.91
01067,33,0.65,0.73,0.91
01069,34,0.58,0.68,0.88
01071,35,0.71,0.81,0.93
01073,36,0.65,0.7,0.89
01075,37,0.72,0.8,0.93
01077,38,0.62,0.73,0.92
01079,39,0.79,0.84,0.94
01081,40,0.45,0.57,0.86
01083,41,0.65,0.72,0.89
01085,42,0.74,0.81,0.92
01087,43,0.57,0.63,0.85
01089,44,0.52,0.61,0.84
01091,45,0.48,0.66,0.9
01093,46,0.66,0.79,0.93
01095,47,0.69,0.78,0.91
01097,48,0.66,0.7,0.88
01099,49,0.55,0.74,0.92
01101,50,0.6,0.68,0.88
01103,51,0.65,0.76,0.9
01105,52,0.6,0.73,0.89
01107,53,0.7,0.78,0.92
01109,54,0.5,0.63,0.9
01111,55,0.71,0.81,0.93
01113,56,0.56,0.63,0.84
01115,57,0.69,0.76,0.91
01117,58,0.56,0.65,0.87
01119,59,0.39,0.6,0.9
01121,60,0.71,0.79,0.92
01123,61,0.66,0.79,0.93
01125,62,0.56,0.62,0.85
01127,63,0.72,0.8,0.92
01129,64,0.71,0.79,0.93
01131,65,0.53,0.7,0.91
01133,66,0.72,0.82,0.93
02013,67,0.25,0.25,0.28
02016,68,0.2,0.2,0.2
02020,69,0.34,0.37,0.43
02050,70,0.49,0.5,0.83
02060,71,0.22,0.24,0.47
02068,72,0.12,0.12,0.4
02070,73,0.35,0.41,0.71
02090,74,0.27,0.27,0.37
02100,75,0.26,0.34,0.4
02105,76,0.42,0.45,0.49
02110,77,0.36,0.38,0.41
02122,78,0.31,0.31,0.47
02130,79,0.39,0.42,0.46
02150,80,0.32,0.32,0.45
02158,81,0.43,0.43,0.85
02164,82,0.22,0.22,0.63
02170,83,0.26,0.41,0.47
02180,84,0.45,0.45,0.54
02185,85,0.34,0.34,0.41
02188,86,0.47,0.47,0.59
02195,87,0.31,0.35,0.44
02198,88,0.37,0.48,0.53
02220,89,0.27,0.33,0.35
02230,90,0.26,0.29,0.34
02240,91,0.17,0.17,0.4
02261,92,0.25,0.25,0.44
02275,93,0.32,0.39,0.45
02282,94,0.2,0.2,0.54
02290,95,0.24,0.24,0.75
04001,96,0.34,0.42,0.82
04003,97,0.3,0.31,0.55
04005,98,0.25,0.29,0.73
04007,99,0.34,0.43,0.78
04009,100,0.42,0.51,0.81
04011,101,0.41,0.47,0.78
04012,102,0.28,0.38,0.66
04013,103,0.5,0.54,0.64
04015,104,0.37,0.41,0.69
04017,105,0.39,0.43,0.81
04019,106,0.48,0.58,0.68
04021,107,0.25,0.53,0.63
04023,108,0.49,0.73,0.87
04025,109,0.32,0.48,0.63
04027,110,0.51,0.6,0.73
05001,111,0.53,0.72,0.91
05003,112,0.54,0.62,0.91
05005,113,0.48,0.56,0.84
05007,114,0.48,0.55,0.78
05009,115,0.55,0.67,0.87
05011,116,0.53,0.71,0.89
05013,117,0.56,0.72,0.91
05015,118,0.56,0.62,0.83
05017,119,0.4,0.48,0.88
05019,120,0.44,0.66,0.89
05021,121,0.67,0.73,0.92
05023,122,0.51,0.67,0.88
05025,123,0.57,0.76,0.92
05027,124,0.54,0.65,0.91
05029,125,0.67,0.75,0.9
05031,126,0.55,0.65,0.91
05033,127,0.64,0.71,0.88
05035,128,0.67,0.71,0.91
05037,129,0.59,0.76,0.92
05039,130,0.55,0.74,0.91
05041,131,0.41,0.65,0.9
05043,132,0.49,0.65,0.9
05045,133,0.53,0.61,0.88
05047,134,0.68,0.75,0.89
05049,135,0.54,0.65,0.88
05051,136,0.54,0.63,0.85
05053,137,0.65,0.74,0.91
05055,138,0.68,0.74,0.92
05057,139,0.64,0.7,0.9
05059,140,0.65,0.74,0.89
05061,141,0.54,0.69,0.91
05063,142,0.57,0.72,0.89
05065,143,0.55,0.68,0.87
05067,144,0.61,0.75,0.91
05069,145,0.62,0.69,0.89
05071,146,0.57,0.71,0.87
05073,147,0.63,0.69,0.89
05075,148,0.66,0.73,0.92
05077,149,0.43,0.69,0.89
05079,150,0.57,0.74,0.91
05081,151,0.63,0.68,0.91
05083,152,0.65,0.76,0.89
05085,153,0.59,0.65,0.86
05087,154,0.68,0.73,0.88
05089,155,0.47,0.57,0.81
05091,156,0.61,0.68,0.9
05093,157,0.65,0.7,0.9
05095,158,0.45,0.73,0.9
05097,159,0.56,0.69,0.88
05099,160,0.56,0.72,0.9
05101,161,0.62,0.76,0.89
05103,162,0.53,0.71,0.89
05105,163,0.63,0.71,0.89
05107,164,0.45,0.73,0.89
05109,165,0.63,0.74,0.91
05111,166,0.69,0.78,0.93
05113,167,0.53,0.61,0.86
05115,168,0.54,0.71,0.88
05117,169,0.69,0.79,0.93
05119,170,0.57,0.62,0.86
05121,171,0.66,0.73,0.92
05123,172,0.54,0.74,0.9
05125,173,0.61,0.67,0.89
05127,174,0.6,0.72,0.88
05129,175,0.58,0.74,0.88
05131,176,0.57,0.66,0.86
05133,177,0.59,0.67,0.89
05135,178,0.51,0.65,0.88
05137,179,0.53,0.67,0.88
05139,180,0.57,0.63,0.9
05141,181,0.56,0.68,0.86
05143,182,0.45,0.51,0.82
05145,183,0.57,0.65,0.88
05147,184,0.54,0.74,0.91
05149,185,0.63,0.75,0.88
06001,186,0.47,0.58,0.72
06003,187,0.25,0.31,0.61
06005,188,0.51,0.59,0.77
06007,189,0.44,0.54,0.78
06009,190,0.5,0.61,0.78
06011,191,0.57,0.68,0.83
06013,192,0.52,0.62,0.75
06015,193,0.43,0.53,0.75
06017,194,0.44,0.51,0.76
06019,195,0.6,0.65,0.84
06021,196,0.58,0.68,0.84
06023,197,0.41,0.44,0.67
06025,198,0.6,0.73,0.87
06027,199,0.35,0.35,0.75
06029,200,0.57,0.68,0.81
06031,201,0.48,0.59,0.76
06033,202,0.51,0.59,0.77
06035,203,0.38,0.48,0.77
06037,204,0.55,0.57,0.72
06039,205,0.58,0.65,0.84
06041,206,0.44,0.54,0.68
06043,207,0.34,0.5,0.74
06045,208,0.47,0.56,0.76
06047,209,0.51,0.69,0.83
06049,210,0.25,0.41,0.74
06051,211,0.21,0.23,0.67
06053,212,0.42,0.53,0.75
06055,213,0.47,0.6,0.75
06057,214,0.36,0.45,0.73
06059,215,0.57,0.6,0.76
06061,216,0.29,0.5,0.77
06063,217,0.31,0.46,0.74
06065,218,0.39,0.51,0.77
06067,219,0.5,0.62,0.77
06069,220,0.38,0.64,0.81
06071,221,0.37,0.46,0.78
06073,222,0.44,0.5,0.67
06075,223,0.27,0.44,0.61
06077,224,0.59,0.68,0.8
06079,225,0.35,0.43,0.77
06081,226,0.54,0.59,0.73
06083,227,0.4,0.47,0.76
06085,228,0.5,0.6,0.74
06087,229,0.44,0.54,0.76
06089,230,0.45,0.5,0.74
06091,231,0.29,0.53,0.78
06093,232,0.35,0.47,0.72
06095,233,0.53,0.63,0.74
06097,234,0.47,0.6,0.76
06099,235,0.59,0.7,0.82
06101,236,0.55,0.64,0.79
06103,237,0.54,0.57,0.79
06105,238,0.34,0.47,0.69
06107,239,0.54,0.67,0.85
06109,240,0.41,0.56,0.8
06111,241,0.4,0.61,0.75
06113,242,0.4,0.56,0.79
06115,243,0.45,0.57,0.72
08001,244,0.47,0.61,0.68
08003,245,0.38,0.43,0.74
08005,246,0.48,0.54,0.61
08007,247,0.29,0.32,0.56
08009,248,0.4,0.47,0.81
08011,249,0.39,0.53,0.78
08013,250,0.34,0.44,0.49
08014,251,0.44,0.5,0.57
08015,252,0.26,0.37,0.55
08017,253,0.33,0.43,0.81
08019,254,0.35,0.46,0.53
08021,255,0.45,0.49,0.82
08023,256,0.31,0.4,0.69
08025,257,0.44,0.54,0.73
08027,258,0.25,0.33,0.53
08029,259,0.47,0.5,0.71
08031,260,0.42,0.47,0.53
08033,261,0.37,0.45,0.68
08035,262,0.42,0.47,0.55
08037,263,0.26,0.37,0.46
08039,264,0.38,0.52,0.64
08041,265,0.35,0.41,0.5
08043,266,0.37,0.54,0.67
08045,267,0.35,0.43,0.61
08047,268,0.3,0.42,0.48
08049,269,0.24,0.38,0.47
08051,270,0.22,0.27,0.52
08053,271,0.15,0.2,0.4
08055,272,0.37,0.46,0.68
08057,273,0.24,0.37,0.66
08059,274,0.43,0.54,0.6
08061,275,0.35,0.48,0.82
08063,276,0.34,0.43,0.77
08065,277,0.27,0.37,0.55
08067,278,0.28,0.31,0.59
08069,279,0.3,0.49,0.59
08071,280,0.34,0.45,0.76
08073,281,0.22,0.48,0.73
08075,282,0.42,0.55,0.8
08077,283,0.45,0.46,0.71
08079,284,0.2,0.26,0.5
08081,285,0.36,0.42,0.71
08083,286,0.37,0.42,0.7
08085,287,0.47,0.5,0.7
08087,288,0.52,0.65,0.77
08089,289,0.51,0.58,0.81
08091,290,0.25,0.3,0.52
08093,291,0.21,0.38,0.47
08095,292,0.41,0.46,0.78
08097,293,0.23,0.32,0.42
08099,294,0.41,0.47,0.82
08101,295,0.57,0.6,0.76
08103,296,0.28,0.4,0.69
08105,297,0.43,0.45,0.77
08107,298,0.23,0.3,0.46
08109,299,0.32,0.37,0.65
08111,300,0.19,0.25,0.53
08113,301,0.25,0.29,0.45
08115,302,0.38,0.44,0.79
08117,303,0.19,0.3,0.36
08119,304,0.34,0.4,0.49
08121,305,0.34,0.57,0.81
08123,306,0.36,0.59,0.7
08125,307,0.4,0.48,0.81
09001,308,0.6,0.68,0.82
09003,309,0.62,0.73,0.83
09005,310,0.62,0.71,0.82
09007,311,0.6,0.71,0.82
09009,312,0.63,0.72,0.83
09011,313,0.57,0.64,0.78
09013,314,0.58,0.7,0.84
09015,315,0.67,0.76,0.84
10001,316,0.54,0.67,0.84
10003,317,0.61,0.7,0.86
10005,318,0.56,0.71,0.87
11001,319,0.45,0.47,0.74
12001,320,0.41,0.48,0.78
12003,321,0.74,0.77,0.89
12005,322,0.43,0.48,0.74
12007,323,0.65,0.7,0.86
12009,324,0.47,0.5,0.65
12011,325,0.54,0.56,0.65
12013,326,0.63,0.72,0.88
12015,327,0.38,0.43,0.52
12017,328,0.43,0.52,0.65
12019,329,0.53,0.55,0.73
12021,330,0.37,0.44,0.53
12023,331,0.55,0.64,0.85
12027,332,0.55,0.65,0.74
12029,333,0.5,0.66,0.84
12031,334,0.52,0.55,0.76
12033,335,0.52,0.54,0.75
12035,336,0.38,0.46,0.62
12037,337,0.52,0.66,0.85
12039,338,0.68,0.72,0.9
12041,339,0.56,0.64,0.82
12043,340,0.4,0.6,0.73
12045,341,0.49,0.57,0.8
12047,342,0.53,0.67,0.87
12049,343,0.63,0.69,0.78
12051,344,0.58,0.64,0.76
12053,345,0.5,0.56,0.65
12055,346,0.45,0.6,0.69
12057,347,0.49,0.53,0.67
12059,348,0.67,0.72,0.88
12061,349,0.46,0.51,0.65
12063,350,0.57,0.67,0.87
12065,351,0.59,0.63,0.87
12067,352,0.53,0.67,0.86
12069,353,0.47,0.54,0.67
12071,354,0.4,0.47,0.58
12073,355,0.39,0.42,0.82
12075,356,0.52,0.62,0.79
12077,357,0.7,0.74,0.89
12079,358,0.61,0.68,0.9
12081,359,0.48,0.53,0.63
12083,360,0.48,0.58,0.72
12085,361,0.42,0.47,0.59
12086,362,0.62,0.64,0.73
12087,363,0.34,0.39,0.51
12089,364,0.55,0.59,0.78
12091,365,0.38,0.42,0.66
12093,366,0.5,0.64,0.73
12095,367,0.45,0.5,0.68
12097,368,0.42,0.49,0.6
12099,369,0.46,0.52,0.62
12101,370,0.49,0.54,0.65
12103,371,0.5,0.54,0.66
12105,372,0.55,0.61,0.71
12107,373,0.56,0.69,0.83
12109,374,0.43,0.49,0.68
12111,375,0.4,0.54,0.65
12113,376,0.47,0.5,0.71
12115,377,0.43,0.47,0.58
12117,378,0.48,0.52,0.68
12119,379,0.42,0.5,0.62
12121,380,0.5,0.63,0.84
12123,381,0.62,0.69,0.89
12125,382,0.68,0.74,0.88
12127,383,0.44,0.5,0.66
12129,384,0.59,0.64,0.85
12131,385,0.4,0.46,0.74
12133,386,0.59,0.68,0.86
13001,387,0.64,0.76,0.93
13003,388,0.7,0.78,0.92
13005,389,0.67,0.77,0.93
13007,390,0.6,0.68,0.9
13009,391,0.55,0.77,0.92
13011,392,0.67,0.76,0.9
13013,393,0.65,0.7,0.86
13015,394,0.67,0.73,0.88
13017,395,0.6,0.71,0.91
13019,396,0.64,0.7,0.88
13021,397,0.64,0.77,0.9
13023,398,0.62,0.73,0.92
13025,399,0.68,0.77,0.91
13027,400,0.64,0.7,0.91
13029,401,0.46,0.5,0.76
13031,402,0.45,0.53,0.89
13033,403,0.69,0.74,0.91
13035,404,0.7,0.78,0.9
13037,405,0.64,0.73,0.92
13039,406,0.42,0.46,0.69
13043,407,0.64,0.74,0.9
13045,408,0.62,0.73,0.88
13047,409,0.7,0.75,0.9
13049,410,0.65,0.72,0.89
13051,411,0.47,0.5,0.79
13053,412,0.12,0.14,0.43
13055,413,0.76,0.83,0.93
13057,414,0.55,0.6,0.8
13059,415,0.46,0.65,0.86
13061,416,0.62,0.73,0.92
13063,417,0.47,0.51,0.75
13065,418,0.67,0.77,0.92
13067,419,0.46,0.5,0.73
13069,420,0.63,0.73,0.92
13071,421,0.65,0.72,0.91
13073,422,0.49,0.56,0.82
13075,423,0.65,0.7,0.9
13077,424,0.61,0.68,0.84
13079,425,0.68,0.79,0.91
13081,426,0.66,0.74,0.92
13083,427,0.69,0.74,0.89
13085,428,0.64,0.71,0.87
13087,429,0.63,0.72,0.91
13089,430,0.45,0.49,0.72
13091,431,0.65,0.75,0.93
13093,432,0.66,0.73,0.91
13095,433,0.58,0.66,0.9
13097,434,0.51,0.55,0.77
13099,435,0.65,0.74,0.93
13101,436,0.6,0.68,0.84
13103,437,0.59,0.63,0.85
13105,438,0.68,0.81,0.93
13107,439,0.62,0.76,0.93
13109,440,0.66,0.72,0.91
13111,441,0.62,0.74,0.88
13113,442,0.48,0.54,0.75
13115,443,0.68,0.76,0.9
13117,444,0.53,0.57,0.78
13119,445,0.66,0.78,0.92
13121,446,0.45,0.49,0.72
13123,447,0.6,0.73,0.88
13125,448,0.68,0.78,0.93
13127,449,0.48,0.58,0.83
13129,450,0.72,0.79,0.91
13131,451,0.64,0.7,0.9
13133,452,0.62,0.78,0.9
13135,453,0.48,0.51,0.73
13137,454,0.61,0.75,0.9
13139,455,0.61,0.71,0.86
13141,456,0.59,0.82,0.93
13143,457,0.74,0.81,0.92
13145,458,0.57,0.67,0.85
13147,459,0.7,0.81,0.93
13149,460,0.69,0.8,0.92
13151,461,0.49,0.56,0.78
13153,462,0.54,0.62,0.84
13155,463,0.61,0.73,0.93
13157,464,0.62,0.72,0.87
13159,465,0.67,0.77,0.9
13161,466,0.64,0.76,0.92
13163,467,0.66,0.75,0.93
13165,468,0.68,0.77,0.93
13167,469,0.68,0.79,0.94
13169,470,0.66,0.77,0.92
13171,471,0.65,0.78,0.91
13173,472,0.6,0.67,0.86
13175,473,0.63,0.74,0.92
13177,474,0.56,0.66,0.89
13179,475,0.3,0.32,0.66
13181,476,0.65,0.75,0.92
13183,477,0.45,0.49,0.75
13185,478,0.49,0.57,0.86
13187,479,0.53,0.71,0.89
13189,480,0.71,0.78,0.93
13191,481,0.58,0.65,0.87
13193,482,0.69,0.77,0.91
13195,483,0.67,0.77,0.9
13197,484,0.57,0.73,0.89
13199,485,0.66,0.79,0.91
13201,486,0.64,0.75,0.93
13205,487,0.67,0.74,0.92
13207,488,0.64,0.77,0.91
13209,489,0.59,0.71,0.92
13211,490,0.66,0.78,0.91
13213,491,0.74,0.81,0.92
13215,492,0.56,0.66,0.84
13217,493,0.61,0.66,0.83
13219,494,0.56,0.68,0.86
13221,495,0.63,0.77,0.91
13223,496,0.59,0.65,0.82
13225,497,0.56,0.71,0.88
13227,498,0.69,0.75,0.89
13229,499,0.67,0.76,0.91
13231,500,0.7,0.78,0.91
13233,501,0.76,0.82,0.92
13235,502,0.65,0.71,0.91
13237,503,0.61,0.76,0.9
13239,504,0.56,0.72,0.91
13241,505,0.58,0.71,0.89
13243,506,0.56,0.69,0.91
13245,507,0.58,0.63,0.86
13247,508,0.5,0.55,0.76
13249,509,0.65,0.75,0.93
13251,510,0.58,0.74,0.91
13253,511,0.62,0.73,0.92
13255,512,0.74,0.79,0.9
13257,513,0.64,0.75,0.9
13259,514,0.63,0.73,0.91
13261,515,0.6,0.71,0.92
13263,516,0.69,0.82,0.92
13265,517,0.58,0.76,0.91
13267,518,0.61,0.71,0.89
13269,519,0.67,0.79,0.92
13271,520,0.63,0.75,0.93
13273,521,0.66,0.75,0.92
13275,522,0.63,0.67,0.9
13277,523,0.62,0.69,0.91
13279,524,0.62,0.73,0.91
13281,525,0.48,0.68,0.88
13283,526,0.67,0.78,0.94
13285,527,0.68,0.79,0.92
13287,528,0.66,0.75,0.92
13289,529,0.71,0.82,0.93
13291,530,0.56,0.68,0.87
13293,531,0.71,0.82,0.92
13295,532,0.7,0.76,0.9
13297,533,0.63,0.69,0.84
13299,534,0.57,0.69,0.9
13301,535,0.7,0.81,0.94
13303,536,0.66,0.79,0.94
13305,537,0.61,0.7,0.89
13307,538,0.62,0.72,0.91
13309,539,0.63,0.76,0.93
13311,540,0.62,0.73,0.9
13313,541,0.7,0.77,0.89
13315,542,0.62,0.71,0.91
13317,543,0.64,0.78,0.92
13319,544,0.68,0.78,0.92
13321,545,0.69,0.76,0.93
15001,546,0.43,0.43,0.58
15003,547,0.46,0.46,0.5
15005,548,0.37,0.58,0.63
15007,549,0.41,0.41,0.56
15009,550,0.43,0.43,0.55
16001,551,0.47,0.49,0.73
16003,552,0.27,0.49,0.71
16005,553,0.44,0.53,0.77
16007,554,0.51,0.63,0.86
16009,555,0.6,0.65,0.81
16011,556,0.54,0.58,0.8
16013,557,0.34,0.39,0.65
16015,558,0.41,0.51,0.72
16017,559,0.41,0.48,0.66
16019,560,0.47,0.52,0.76
16021,561,0.35,0.48,0.66
16023,562,0.25,0.53,0.78
16025,563,0.27,0.5,0.72
16027,564,0.52,0.55,0.77
16029,565,0.49,0.58,0.83
16031,566,0.45,0.55,0.82
16033,567,0.31,0.52,0.78
16035,568,0.26,0.55,0.78
16037,569,0.24,0.3,0.76
16039,570,0.34,0.41,0.57
16041,571,0.57,0.65,0.85
16043,572,0.41,0.57,0.81
16045,573,0.56,0.58,0.78
16047,574,0.47,0.57,0.79
16049,575,0.29,0.49,0.78
16051,576,0.5,0.56,0.8
16053,577,0.5,0.52,0.79
16055,578,0.5,0.54,0.7
16057,579,0.35,0.44,0.74
16059,580,0.33,0.35,0.71
16061,581,0.4,0.53,0.79
16063,582,0.35,0.52,0.79
16065,583,0.26,0.28,0.59
16067,584,0.48,0.58,0.81
16069,585,0.51,0.63,0.83
16071,586,0.39,0.63,0.84
16073,587,0.13,0.56,0.79
16075,588,0.48,0.59,0.8
16077,589,0.49,0.57,0.79
16079,590,0.54,0.62,0.78
16081,591,0.35,0.38,0.6
16083,592,0.42,0.48,0.79
16085,593,0.21,0.45,0.68
16087,594,0.35,0.57,0.79
17001,595,0.61,0.69,0.88
17003,596,0.58,0.63,0.89
17005,597,0.61,0.71,0.88
17007,598,0.61,0.73,0.84
17009,599,0.69,0.79,0.91
17011,600,0.61,0.72,0.87
17013,601,0.78,0.83,0.92
17015,602,0.63,0.72,0.87
17017,603,0.65,0.75,0.88
17019,604,0.41,0.47,0.81
17021,605,0.68,0.79,0.91
17023,606,0.67,0.75,0.9
17025,607,0.68,0.79,0.92
17027,608,0.7,0.79,0.91
17029,609,0.5,0.58,0.89
17031,610,0.63,0.66,0.79
17033,611,0.63,0.69,0.88
17035,612,0.69,0.77,0.91
17037,613,0.45,0.71,0.85
17039,614,0.65,0.71,0.88
17041,615,0.63,0.71,0.88
17043,616,0.62,0.65,0.79
17045,617,0.7,0.77,0.91
17047,618,0.69,0.77,0.92
17049,619,0.63,0.74,0.9
17051,620,0.66,0.78,0.91
17053,621,0.61,0.73,0.87
17055,622,0.7,0.77,0.91
17057,623,0.69,0.76,0.9
17059,624,0.72,0.79,0.93
17061,625,0.74,0.79,0.91
17063,626,0.59,0.74,0.86
17065,627,0.7,0.79,0.93
17067,628,0.63,0.71,0.88
17069,629,0.69,0.76,0.92
17071,630,0.65,0.73,0.88
17073,631,0.62,0.7,0.87
17075,632,0.61,0.73,0.87
17077,633,0.38,0.47,0.86
17079,634,0.68,0.78,0.93
17081,635,0.63,0.72,0.9
17083,636,0.72,0.76,0.87
17085,637,0.59,0.7,0.87
17087,638,0.66,0.72,0.9
17089,639,0.67,0.71,0.82
17091,640,0.54,0.7,0.85
17093,641,0.63,0.68,0.82
17095,642,0.6,0.67,0.86
17097,643,0.59,0.66,0.78
17099,644,0.62,0.76,0.87
17101,645,0.68,0.74,0.91
17103,646,0.63,0.74,0.86
17105,647,0.62,0.75,0.88
17107,648,0.61,0.7,0.89
17109,649,0.35,0.47,0.87
17111,650,0.45,0.7,0.82
17113,651,0.43,0.53,0.84
17115,652,0.63,0.68,0.88
17117,653,0.66,0.76,0.9
17119,654,0.66,0.72,0.88
17121,655,0.64,0.77,0.9
17123,656,0.66,0.74,0.88
17125,657,0.69,0.77,0.9
17127,658,0.7,0.76,0.92
17129,659,0.63,0.73,0.88
17131,660,0.68,0.74,0.89
17133,661,0.71,0.75,0.89
17135,662,0.66,0.77,0.9
17137,663,0.59,0.71,0.88
17139,664,0.64,0.72,0.89
17141,665,0.62,0.73,0.85
17143,666,0.57,0.64,0.85
17145,667,0.7,0.78,0.91
17147,668,0.62,0.69,0.87
17149,669,0.66,0.78,0.91
17151,670,0.64,0.71,0.9
17153,671,0.63,0.69,0.91
17155,672,0.62,0.75,0.87
17157,673,0.68,0.79,0.91
17159,674,0.61,0.73,0.9
17161,675,0.61,0.66,0.85
17163,676,0.66,0.69,0.85
17165,677,0.7,0.77,0.92
17167,678,0.55,0.66,0.86
17169,679,0.64,0.75,0.9
17171,680,0.71,0.8,0.92
17173,681,0.66,0.76,0.9
17175,682,0.64,0.73,0.88
17177,683,0.61,0.68,0.86
17179,684,0.65,0.71,0.87
17181,685,0.66,0.73,0.9
17183,686,0.62,0.69,0.89
17185,687,0.67,0.74,0.9
17187,688,0.57,0.66,0.87
17189,689,0.67,0.76,0.9
17191,690,0.68,0.78,0.92
17193,691,0.7,0.76,0.91
17195,692,0.65,0.73,0.87
17197,693,0.67,0.71,0.83
17199,694,0.63,0.7,0.89
17201,695,0.61,0.74,0.84
17203,696,0.62,0.71,0.87
18001,697,0.69,0.78,0.9
18003,698,0.59,0.65,0.86
18005,699,0.65,0.73,0.87
18007,700,0.59,0.73,0.86
18009,701,0.69,0.77,0.89
18011,702,0.56,0.63,0.83
18013,703,0.66,0.74,0.87
18015,704,0.65,0.77,0.89
18017,705,0.64,0.75,0.87
18019,706,0.69,0.75,0.89
18021,707,0.7,0.8,0.91
18023,708,0.72,0.78,0.89
18025,709,0.7,0.78,0.91
18027,710,0.68,0.79,0.9
18029,711,0.73,0.79,0.91
18031,712,0.71,0.8,0.92
18033,713,0.68,0.73,0.89
18035,714,0.6,0.71,0.89
18037,715,0.68,0.75,0.91
18039,716,0.64,0.71,0.86
18041,717,0.72,0.81,0.92
18043,718,0.69,0.75,0.9
18045,719,0.68,0.78,0.9
18047,720,0.73,0.82,0.93
18049,721,0.65,0.78,0.89
18051,722,0.7,0.75,0.91
18053,723,0.58,0.7,0.87
18055,724,0.7,0.81,0.91
18057,725,0.5,0.59,0.82
18059,726,0.65,0.72,0.87
18061,727,0.71,0.77,0.91
18063,728,0.6,0.66,0.85
18065,729,0.72,0.78,0.9
18067,730,0.68,0.74,0.88
18069,731,0.65,0.74,0.89
18071,732,0.69,0.79,0.91
18073,733,0.6,0.73,0.87
18075,734,0.71,0.8,0.91
18077,735,0.65,0.78,0.91
18079,736,0.73,0.82,0.92
18081,737,0.63,0.71,0.87
18083,738,0.61,0.71,0.91
18085,739,0.62,0.69,0.87
18087,740,0.67,0.72,0.89
18089,741,0.66,0.69,0.84
18091,742,0.63,0.72,0.86
18093,743,0.7,0.79,0.9
18095,744,0.69,0.75,0.88
18097,745,0.6,0.64,0.85
18099,746,0.63,0.71,0.86
18101,747,0.71,0.81,0.92
18103,748,0.64,0.76,0.88
18105,749,0.44,0.53,0.79
18107,750,0.68,0.74,0.89
18109,751,0.71,0.77,0.89
18111,752,0.6,0.71,0.86
18113,753,0.69,0.74,0.89
18115,754,0.71,0.78,0.91
18117,755,0.68,0.79,0.91
18119,756,0.71,0.78,0.9
18121,757,0.67,0.77,0.89
18123,758,0.69,0.79,0.92
18125,759,0.74,0.79,0.92
18127,760,0.63,0.67,0.84
18129,761,0.7,0.73,0.9
18131,762,0.66,0.77,0.89
18133,763,0.61,0.68,0.86
18135,764,0.69,0.78,0.91
18137,765,0.69,0.8,0.91
18139,766,0.74,0.81,0.91
18141,767,0.55,0.63,0.8
18143,768,0.75,0.82,0.93
18145,769,0.72,0.79,0.9
18147,770,0.69,0.75,0.91
18149,771,0.68,0.76,0.89
18151,772,0.59,0.67,0.88
18153,773,0.7,0.8,0.91
18155,774,0.7,0.79,0.91
18157,775,0.42,0.6,0.82
18159,776,0.72,0.78,0.9
18161,777,0.71,0.78,0.91
18163,778,0.63,0.69,0.89
18165,779,0.7,0.79,0.91
18167,780,0.54,0.69,0.88
18169,781,0.65,0.77,0.9
18171,782,0.66,0.77,0.9
18173,783,0.65,0.71,0.89
18175,784,0.74,0.81,0.92
18177,785,0.64,0.74,0.88
18179,786,0.68,0.76,0.89
18181,787,0.6,0.76,0.87
18183,788,0.67,0.76,0.89
19001,789,0.52,0.73,0.88
19003,790,0.56,0.72,0.88
19005,791,0.58,0.7,0.89
19007,792,0.59,0.73,0.89
19009,793,0.49,0.71,0.87
19011,794,0.64,0.75,0.87
19013,795,0.53,0.68,0.85
19015,796,0.61,0.68,0.86
19017,797,0.53,0.71,0.88
19019,798,0.68,0.76,0.9
19021,799,0.43,0.55,0.81
19023,800,0.63,0.77,0.89
19025,801,0.55,0.71,0.88
19027,802,0.52,0.73,0.89
19029,803,0.51,0.71,0.86
19031,804,0.65,0.7,0.87
19033,805,0.51,0.66,0.85
19035,806,0.55,0.63,0.86
19037,807,0.61,0.71,0.89
19039,808,0.61,0.69,0.85
19041,809,0.5,0.61,0.85
19043,810,0.57,0.74,0.9
19045,811,0.62,0.7,0.87
19047,812,0.56,0.71,0.86
19049,813,0.53,0.59,0.83
19051,814,0.61,0.72,0.89
19053,815,0.39,0.52,0.76
19055,816,0.67,0.74,0.9
19057,817,0.55,0.64,0.85
19059,818,0.43,0.56,0.84
19061,819,0.54,0.64,0.86
19063,820,0.48,0.59,0.85
19065,821,0.53,0.67,0.88
19067,822,0.58,0.66,0.87
19069,823,0.53,0.71,0.86
19071,824,0.62,0.68,0.87
19073,825,0.63,0.71,0.86
19075,826,0.59,0.76,0.89
19077,827,0.61,0.72,0.87
19079,828,0.61,0.7,0.85
19081,829,0.53,0.7,0.87
19083,830,0.52,0.68,0.85
19085,831,0.62,0.7,0.87
19087,832,0.57,0.64,0.86
19089,833,0.58,0.71,0.89
19091,834,0.53,0.71,0.87
19093,835,0.54,0.65,0.88
19095,836,0.6,0.74,0.87
19097,837,0.64,0.74,0.89
19099,838,0.64,0.73,0.87
19101,839,0.52,0.6,0.75
19103,840,0.37,0.47,0.81
19105,841,0.65,0.72,0.88
19107,842,0.61,0.78,0.9
19109,843,0.49,0.6,0.87
19111,844,0.6,0.68,0.86
19113,845,0.55,0.63,0.83
19115,846,0.66,0.72,0.88
19117,847,0.67,0.73,0.88
19119,848,0.62,0.69,0.87
19121,849,0.61,0.69,0.86
19123,850,0.52,0.67,0.85
19125,851,0.6,0.71,0.88
19127,852,0.62,0.69,0.83
19129,853,0.61,0.66,0.85
19131,854,0.58,0.69,0.88
19133,855,0.58,0.7,0.87
19135,856,0.59,0.73,0.89
19137,857,0.57,0.7,0.87
19139,858,0.65,0.69,0.86
19141,859,0.53,0.64,0.87
19143,860,0.53,0.67,0.87
19145,861,0.55,0.67,0.87
19147,862,0.51,0.63,0.87
19149,863,0.57,0.66,0.86
19151,864,0.49,0.65,0.85
19153,865,0.54,0.6,0.82
19155,866,0.64,0.69,0.84
19157,867,0.47,0.63,0.79
19159,868,0.57,0.74,0.89
19161,869,0.55,0.72,0.88
19163,870,0.57,0.62,0.84
19165,871,0.52,0.72,0.87
19167,872,0.55,0.63,0.84
19169,873,0.41,0.54,0.83
19171,874,0.61,0.72,0.86
19173,875,0.56,0.72,0.87
19175,876,0.52,0.7,0.87
19177,877,0.58,0.69,0.87
19179,878,0.57,0.71,0.86
19181,879,0.61,0.66,0.86
19183,880,0.56,0.69,0.85
19185,881,0.56,0.72,0.88
19187,882,0.54,0.68,0.85
19189,883,0.46,0.58,0.81
19191,884,0.45,0.57,0.87
19193,885,0.53,0.62,0.79
19195,886,0.55,0.66,0.87
19197,887,0.56,0.71,0.86
20001,888,0.53,0.68,0.86
20003,889,0.51,0.7,0.86
20005,890,0.54,0.64,0.83
20007,891,0.42,0.59,0.86
20009,892,0.48,0.61,0.86
20011,893,0.54,0.7,0.87
20013,894,0.52,0.72,0.87
20015,895,0.57,0.62,0.83
20017,896,0.5,0.67,0.87
20019,897,0.51,0.68,0.88
20021,898,0.66,0.73,0.88
20023,899,0.37,0.43,0.83
20025,900,0.38,0.47,0.85
20027,901,0.53,0.59,0.83
20029,902,0.47,0.6,0.86
20031,903,0.48,0.68,0.85
20033,904,0.4,0.5,0.85
20035,905,0.59,0.64,0.85
20037,906,0.5,0.64,0.88
20039,907,0.36,0.47,0.82
20041,908,0.47,0.58,0.8
20043,909,0.57,0.72,0.86
20045,910,0.45,0.54,0.78
20047,911,0.39,0.54,0.85
20049,912,0.43,0.61,0.82
20051,913,0.4,0.52,0.87
20053,914,0.45,0.61,0.85
20055,915,0.46,0.55,0.81
20057,916,0.46,0.55,0.81
20059,917,0.59,0.69,0.85
20061,918,0.24,0.29,0.48
20063,919,0.33,0.54,0.85
20065,920,0.45,0.52,0.86
20067,921,0.47,0.52,0.84
20069,922,0.44,0.48,0.85
20071,923,0.36,0.45,0.83
20073,924,0.47,0.66,0.86
20075,925,0.33,0.44,0.79
20077,926,0.52,0.59,0.84
20079,927,0.56,0.61,0.81
20081,928,0.42,0.5,0.86
20083,929,0.45,0.56,0.87
20085,930,0.61,0.72,0.86
20087,931,0.64,0.72,0.87
20089,932,0.41,0.57,0.84
20091,933,0.53,0.57,0.78
20093,934,0.44,0.52,0.84
20095,935,0.52,0.59,0.84
20097,936,0.33,0.41,0.78
20099,937,0.56,0.64,0.86
20101,938,0.32,0.49,0.83
20103,939,0.52,0.56,0.71
20105,940,0.46,0.59,0.85
20107,941,0.55,0.72,0.86
20109,942,0.4,0.51,0.86
20111,943,0.46,0.68,0.84
20113,944,0.43,0.57,0.8
20115,945,0.4,0.59,0.81
20117,946,0.53,0.66,0.86
20119,947,0.36,0.45,0.83
20121,948,0.62,0.7,0.86
20123,949,0.43,0.6,0.88
20125,950,0.46,0.57,0.81
20127,951,0.5,0.67,0.84
20129,952,0.4,0.49,0.84
20131,953,0.51,0.74,0.9
20133,954,0.54,0.65,0.86
20135,955,0.43,0.56,0.87
20137,956,0.38,0.52,0.85
20139,957,0.57,0.71,0.86
20141,958,0.46,0.58,0.88
20143,959,0.49,0.6,0.86
20145,960,0.45,0.57,0.85
20147,961,0.4,0.55,0.86
20149,962,0.48,0.6,0.81
20151,963,0.38,0.55,0.84
20153,964,0.4,0.46,0.85
20155,965,0.57,0.63,0.84
20157,966,0.46,0.6,0.87
20159,967,0.45,0.56,0.8
20161,968,0.23,0.32,0.67
20163,969,0.5,0.59,0.87
20165,970,0.47,0.57,0.86
20167,971,0.48,0.58,0.86
20169,972,0.47,0.6,0.82
20171,973,0.42,0.52,0.84
20173,974,0.58,0.6,0.81
20175,975,0.45,0.54,0.82
20177,976,0.56,0.68,0.84
20179,977,0.37,0.53,0.87
20181,978,0.37,0.41,0.78
20183,979,0.37,0.56,0.87
20185,980,0.46,0.6,0.86
20187,981,0.39,0.48,0.86
20189,982,0.44,0.55,0.86
20191,983,0.6,0.66,0.87
20193,984,0.38,0.48,0.83
20195,985,0.48,0.57,0.88
20197,986,0.54,0.67,0.85
20199,987,0.35,0.43,0.83
20201,988,0.55,0.66,0.89
20203,989,0.4,0.47,0.8
20205,990,0.56,0.69,0.87
20207,991,0.49,0.66,0.85
20209,992,0.67,0.7,0.84
21001,993,0.66,0.8,0.93
21003,994,0.74,0.8,0.93
21005,995,0.73,0.79,0.92
21007,996,0.66,0.72,0.9
21009,997,0.72,0.81,0.93
21011,998,0.77,0.84,0.94
21013,999,0.72,0.79,0.94
21015,1e3,0.64,0.73,0.88
21017,1001,0.72,0.81,0.92
21019,1002,0.67,0.76,0.92
21021,1003,0.65,0.74,0.91
21023,1004,0.78,0.85,0.94
21025,1005,0.72,0.84,0.96
21027,1006,0.64,0.79,0.92
21029,1007,0.73,0.79,0.91
21031,1008,0.76,0.83,0.94
21033,1009,0.69,0.77,0.92
21035,1010,0.51,0.59,0.89
21037,1011,0.68,0.77,0.91
21039,1012,0.7,0.74,0.92
21041,1013,0.73,0.8,0.91
21043,1014,0.71,0.81,0.94
21045,1015,0.75,0.84,0.95
21047,1016,0.43,0.49,0.75
21049,1017,0.67,0.77,0.91
21051,1018,0.8,0.86,0.96
21053,1019,0.76,0.84,0.95
21055,1020,0.68,0.77,0.92
21057,1021,0.72,0.83,0.95
21059,1022,0.67,0.75,0.91
21061,1023,0.75,0.85,0.94
21063,1024,0.76,0.83,0.95
21065,1025,0.78,0.85,0.95
21067,1026,0.48,0.64,0.87
21069,1027,0.76,0.85,0.95
21071,1028,0.72,0.82,0.96
21073,1029,0.65,0.71,0.9
21075,1030,0.59,0.68,0.91
21077,1031,0.73,0.81,0.92
21079,1032,0.7,0.79,0.92
21081,1033,0.73,0.8,0.92
21083,1034,0.68,0.73,0.92
21085,1035,0.7,0.83,0.93
21087,1036,0.75,0.85,0.95
21089,1037,0.68,0.78,0.93
21091,1038,0.74,0.81,0.93
21093,1039,0.53,0.62,0.83
21095,1040,0.68,0.79,0.96
21097,1041,0.74,0.82,0.94
21099,1042,0.73,0.82,0.93
21101,1043,0.7,0.75,0.91
21103,1044,0.73,0.78,0.91
21105,1045,0.7,0.74,0.92
21107,1046,0.69,0.77,0.92
21109,1047,0.79,0.85,0.95
21111,1048,0.62,0.7,0.87
21113,1049,0.59,0.69,0.88
21115,1050,0.74,0.83,0.95
21117,1051,0.68,0.76,0.9
21119,1052,0.71,0.83,0.96
21121,1053,0.73,0.81,0.95
21123,1054,0.71,0.79,0.91
21125,1055,0.71,0.81,0.94
21127,1056,0.74,0.81,0.95
21129,1057,0.73,0.83,0.95
21131,1058,0.77,0.86,0.97
21133,1059,0.72,0.8,0.96
21135,1060,0.73,0.84,0.95
21137,1061,0.74,0.81,0.94
21139,1062,0.67,0.73,0.91
21141,1063,0.72,0.78,0.92
21143,1064,0.61,0.71,0.89
21145,1065,0.6,0.66,0.89
21147,1066,0.75,0.81,0.95
21149,1067,0.75,0.82,0.93
21151,1068,0.58,0.73,0.91
21153,1069,0.79,0.87,0.97
21155,1070,0.78,0.86,0.95
21157,1071,0.67,0.74,0.91
21159,1072,0.76,0.81,0.96
21161,1073,0.69,0.81,0.93
21163,1074,0.68,0.75,0.89
21165,1075,0.73,0.81,0.94
21167,1076,0.74,0.8,0.92
21169,1077,0.76,0.83,0.94
21171,1078,0.8,0.85,0.96
21173,1079,0.72,0.82,0.94
21175,1080,0.76,0.84,0.95
21177,1081,0.73,0.79,0.93
21179,1082,0.75,0.83,0.93
21181,1083,0.82,0.88,0.95
21183,1084,0.74,0.81,0.93
21185,1085,0.58,0.66,0.86
21187,1086,0.75,0.82,0.93
21189,1087,0.74,0.83,0.95
21191,1088,0.76,0.83,0.93
21193,1089,0.71,0.84,0.96
21195,1090,0.69,0.75,0.95
21197,1091,0.74,0.83,0.94
21199,1092,0.66,0.77,0.93
21201,1093,0.76,0.85,0.94
21203,1094,0.77,0.83,0.95
21205,1095,0.55,0.76,0.93
21207,1096,0.72,0.82,0.95
21209,1097,0.57,0.68,0.9
21211,1098,0.66,0.72,0.89
21213,1099,0.71,0.77,0.92
21215,1100,0.73,0.78,0.92
21217,1101,0.66,0.8,0.93
21219,1102,0.67,0.74,0.9
21221,1103,0.62,0.71,0.89
21223,1104,0.72,0.79,0.92
21225,1105,0.69,0.75,0.92
21227,1106,0.52,0.68,0.89
21229,1107,0.79,0.84,0.94
21231,1108,0.72,0.82,0.95
21233,1109,0.73,0.79,0.92
21235,1110,0.67,0.77,0.94
21237,1111,0.74,0.83,0.95
21239,1112,0.61,0.71,0.88
22001,1113,0.71,0.8,0.92
22003,1114,0.69,0.75,0.91
22005,1115,0.62,0.74,0.88
22007,1116,0.79,0.85,0.94
22009,1117,0.66,0.78,0.93
22011,1118,0.57,0.64,0.83
22013,1119,0.56,0.72,0.91
22015,1120,0.53,0.6,0.83
22017,1121,0.6,0.65,0.88
22019,1122,0.58,0.67,0.88
22021,1123,0.66,0.73,0.92
22023,1124,0.59,0.71,0.91
22025,1125,0.58,0.74,0.92
22027,1126,0.59,0.73,0.92
22029,1127,0.57,0.73,0.92
22031,1128,0.66,0.73,0.91
22033,1129,0.55,0.68,0.86
22035,1130,0.44,0.63,0.91
22037,1131,0.69,0.76,0.91
22039,1132,0.7,0.81,0.94
22041,1133,0.69,0.73,0.92
22043,1134,0.64,0.71,0.9
22045,1135,0.69,0.76,0.91
22047,1136,0.75,0.82,0.92
22049,1137,0.61,0.71,0.9
22051,1138,0.51,0.66,0.83
22053,1139,0.71,0.78,0.92
22055,1140,0.59,0.7,0.88
22057,1141,0.68,0.78,0.92
22059,1142,0.65,0.75,0.93
22061,1143,0.45,0.59,0.87
22063,1144,0.66,0.75,0.89
22065,1145,0.52,0.68,0.9
22067,1146,0.65,0.7,0.91
22069,1147,0.5,0.64,0.89
22071,1148,0.45,0.52,0.72
22073,1149,0.6,0.67,0.9
22075,1150,0.42,0.56,0.8
22077,1151,0.71,0.8,0.93
22079,1152,0.59,0.7,0.88
22081,1153,0.69,0.74,0.91
22083,1154,0.66,0.71,0.92
22085,1155,0.6,0.74,0.91
22087,1156,0.44,0.7,0.88
22089,1157,0.68,0.74,0.88
22091,1158,0.72,0.8,0.92
22093,1159,0.72,0.81,0.92
22095,1160,0.61,0.76,0.9
22097,1161,0.66,0.78,0.92
22099,1162,0.75,0.79,0.92
22101,1163,0.57,0.76,0.9
22103,1164,0.5,0.67,0.84
22105,1165,0.7,0.77,0.9
22107,1166,0.42,0.59,0.88
22109,1167,0.67,0.79,0.9
22111,1168,0.65,0.73,0.92
22113,1169,0.72,0.8,0.92
22115,1170,0.35,0.41,0.63
22117,1171,0.67,0.78,0.91
22119,1172,0.66,0.73,0.91
22121,1173,0.7,0.77,0.91
22123,1174,0.62,0.67,0.92
22125,1175,0.62,0.73,0.9
22127,1176,0.57,0.7,0.9
23001,1177,0.59,0.67,0.82
23003,1178,0.57,0.64,0.84
23005,1179,0.49,0.57,0.8
23007,1180,0.37,0.65,0.83
23009,1181,0.45,0.59,0.8
23011,1182,0.5,0.68,0.83
23013,1183,0.55,0.67,0.81
23015,1184,0.6,0.64,0.81
23017,1185,0.53,0.69,0.84
23019,1186,0.45,0.6,0.82
23021,1187,0.51,0.59,0.81
23023,1188,0.57,0.63,0.8
23025,1189,0.35,0.65,0.84
23027,1190,0.46,0.66,0.82
23029,1191,0.55,0.65,0.83
23031,1192,0.54,0.67,0.82
24001,1193,0.65,0.73,0.92
24003,1194,0.57,0.63,0.8
24005,1195,0.66,0.72,0.86
24009,1196,0.58,0.69,0.84
24011,1197,0.66,0.79,0.89
24013,1198,0.65,0.72,0.87
24015,1199,0.64,0.74,0.86
24017,1200,0.57,0.64,0.83
24019,1201,0.66,0.79,0.9
24021,1202,0.57,0.65,0.84
24023,1203,0.66,0.74,0.92
24025,1204,0.63,0.72,0.85
24027,1205,0.59,0.64,0.83
24029,1206,0.6,0.74,0.88
24031,1207,0.53,0.56,0.78
24033,1208,0.6,0.64,0.83
24035,1209,0.63,0.74,0.86
24037,1210,0.48,0.63,0.8
24039,1211,0.53,0.71,0.89
24041,1212,0.64,0.73,0.87
24043,1213,0.64,0.74,0.88
24045,1214,0.54,0.71,0.88
24047,1215,0.49,0.58,0.87
24510,1216,0.66,0.71,0.86
25001,1217,0.48,0.64,0.8
25003,1218,0.59,0.67,0.83
25005,1219,0.7,0.79,0.87
25007,1220,0.46,0.59,0.79
25009,1221,0.66,0.73,0.85
25011,1222,0.57,0.69,0.82
25013,1223,0.64,0.75,0.85
25015,1224,0.44,0.64,0.81
25017,1225,0.58,0.64,0.79
25019,1226,0.38,0.5,0.76
25021,1227,0.61,0.66,0.81
25023,1228,0.72,0.76,0.86
25025,1229,0.54,0.58,0.77
25027,1230,0.66,0.74,0.84
26001,1231,0.39,0.46,0.82
26003,1232,0.3,0.5,0.81
26005,1233,0.41,0.72,0.86
26007,1234,0.54,0.58,0.84
26009,1235,0.47,0.52,0.81
26011,1236,0.54,0.7,0.86
26013,1237,0.62,0.67,0.86
26015,1238,0.62,0.76,0.87
26017,1239,0.66,0.75,0.86
26019,1240,0.43,0.51,0.8
26021,1241,0.57,0.64,0.82
26023,1242,0.63,0.73,0.87
26025,1243,0.63,0.74,0.85
26027,1244,0.65,0.72,0.86
26029,1245,0.47,0.53,0.81
26031,1246,0.47,0.55,0.82
26033,1247,0.47,0.51,0.82
26035,1248,0.54,0.65,0.84
26037,1249,0.64,0.74,0.86
26039,1250,0.45,0.53,0.82
26041,1251,0.52,0.59,0.84
26043,1252,0.56,0.59,0.83
26045,1253,0.61,0.74,0.85
26047,1254,0.44,0.49,0.79
26049,1255,0.66,0.73,0.83
26051,1256,0.59,0.69,0.85
26053,1257,0.42,0.49,0.81
26055,1258,0.4,0.46,0.77
26057,1259,0.63,0.76,0.88
26059,1260,0.58,0.71,0.86
26061,1261,0.38,0.44,0.81
26063,1262,0.53,0.71,0.88
26065,1263,0.48,0.68,0.83
26067,1264,0.69,0.78,0.88
26069,1265,0.37,0.5,0.81
26071,1266,0.45,0.56,0.82
26073,1267,0.37,0.53,0.87
26075,1268,0.63,0.75,0.87
26077,1269,0.47,0.63,0.84
26079,1270,0.49,0.56,0.82
26081,1271,0.51,0.67,0.83
26083,1272,0.07,0.53,0.8
26085,1273,0.37,0.55,0.8
26087,1274,0.67,0.74,0.86
26089,1275,0.38,0.43,0.76
26091,1276,0.62,0.72,0.86
26093,1277,0.61,0.7,0.83
26095,1278,0.33,0.5,0.83
26097,1279,0.4,0.47,0.81
26099,1280,0.7,0.75,0.86
26101,1281,0.44,0.55,0.83
26103,1282,0.43,0.5,0.82
26105,1283,0.52,0.64,0.83
26107,1284,0.45,0.62,0.86
26109,1285,0.56,0.67,0.85
26111,1286,0.54,0.65,0.82
26113,1287,0.57,0.66,0.86
26115,1288,0.68,0.76,0.88
26117,1289,0.65,0.77,0.87
26119,1290,0.41,0.47,0.8
26121,1291,0.62,0.73,0.86
26123,1292,0.52,0.73,0.85
26125,1293,0.63,0.67,0.82
26127,1294,0.53,0.67,0.83
26129,1295,0.46,0.63,0.84
26131,1296,0.32,0.47,0.78
26133,1297,0.54,0.66,0.85
26135,1298,0.4,0.52,0.83
26137,1299,0.43,0.52,0.81
26139,1300,0.42,0.64,0.85
26141,1301,0.41,0.52,0.82
26143,1302,0.41,0.5,0.81
26145,1303,0.63,0.75,0.85
26147,1304,0.65,0.74,0.86
26149,1305,0.64,0.72,0.86
26151,1306,0.55,0.73,0.87
26153,1307,0.46,0.58,0.84
26155,1308,0.66,0.76,0.86
26157,1309,0.64,0.76,0.87
26159,1310,0.6,0.7,0.83
26161,1311,0.5,0.56,0.76
26163,1312,0.72,0.75,0.86
26165,1313,0.51,0.63,0.83
27001,1314,0.38,0.56,0.84
27003,1315,0.65,0.7,0.83
27005,1316,0.48,0.62,0.84
27007,1317,0.39,0.5,0.84
27009,1318,0.58,0.75,0.88
27011,1319,0.48,0.57,0.87
27013,1320,0.41,0.66,0.86
27015,1321,0.52,0.68,0.87
27017,1322,0.35,0.64,0.85
27019,1323,0.58,0.64,0.8
27021,1324,0.37,0.58,0.84
27023,1325,0.49,0.6,0.85
27025,1326,0.64,0.73,0.86
27027,1327,0.46,0.55,0.82
27029,1328,0.57,0.66,0.85
27031,1329,0.3,0.33,0.77
27033,1330,0.46,0.6,0.83
27035,1331,0.45,0.55,0.83
27037,1332,0.59,0.66,0.8
27039,1333,0.59,0.74,0.87
27041,1334,0.46,0.55,0.86
27043,1335,0.55,0.69,0.87
27045,1336,0.59,0.68,0.88
27047,1337,0.56,0.72,0.86
27049,1338,0.58,0.72,0.86
27051,1339,0.48,0.61,0.86
27053,1340,0.55,0.6,0.76
27055,1341,0.59,0.67,0.88
27057,1342,0.36,0.5,0.81
27059,1343,0.67,0.74,0.86
27061,1344,0.41,0.58,0.84
27063,1345,0.46,0.59,0.86
27065,1346,0.51,0.73,0.86
27067,1347,0.48,0.68,0.84
27069,1348,0.45,0.59,0.85
27071,1349,0.45,0.58,0.82
27073,1350,0.49,0.62,0.89
27075,1351,0.49,0.54,0.83
27077,1352,0.33,0.43,0.8
27079,1353,0.64,0.75,0.86
27081,1354,0.47,0.61,0.88
27083,1355,0.41,0.55,0.85
27085,1356,0.59,0.73,0.86
27087,1357,0.56,0.7,0.89
27089,1358,0.49,0.61,0.86
27091,1359,0.55,0.62,0.86
27093,1360,0.55,0.73,0.87
27095,1361,0.5,0.73,0.86
27097,1362,0.58,0.73,0.88
27099,1363,0.53,0.69,0.85
27101,1364,0.5,0.65,0.88
27103,1365,0.47,0.7,0.85
27105,1366,0.44,0.58,0.8
27107,1367,0.56,0.64,0.83
27109,1368,0.45,0.62,0.8
27111,1369,0.45,0.61,0.83
27113,1370,0.5,0.64,0.84
27115,1371,0.44,0.68,0.85
27117,1372,0.55,0.64,0.86
27119,1373,0.46,0.58,0.8
27121,1374,0.46,0.57,0.85
27123,1375,0.6,0.65,0.79
27125,1376,0.5,0.68,0.86
27127,1377,0.49,0.69,0.89
27129,1378,0.5,0.71,0.86
27131,1379,0.58,0.64,0.79
27133,1380,0.58,0.66,0.87
27135,1381,0.49,0.57,0.84
27137,1382,0.4,0.49,0.83
27139,1383,0.63,0.68,0.82
27141,1384,0.63,0.71,0.85
27143,1385,0.61,0.74,0.86
27145,1386,0.47,0.69,0.86
27147,1387,0.57,0.7,0.85
27149,1388,0.34,0.46,0.86
27151,1389,0.48,0.61,0.87
27153,1390,0.51,0.63,0.85
27155,1391,0.37,0.57,0.83
27157,1392,0.6,0.75,0.88
27159,1393,0.49,0.6,0.85
27161,1394,0.56,0.73,0.86
27163,1395,0.63,0.69,0.82
27165,1396,0.54,0.68,0.84
27167,1397,0.45,0.62,0.85
27169,1398,0.43,0.57,0.88
27171,1399,0.63,0.71,0.85
27173,1400,0.46,0.6,0.87
28001,1401,0.55,0.68,0.91
28003,1402,0.68,0.78,0.93
28005,1403,0.61,0.75,0.92
28007,1404,0.59,0.75,0.9
28009,1405,0.74,0.8,0.93
28011,1406,0.52,0.61,0.9
28013,1407,0.72,0.81,0.93
28015,1408,0.56,0.75,0.92
28017,1409,0.73,0.8,0.93
28019,1410,0.6,0.72,0.91
28021,1411,0.57,0.66,0.88
28023,1412,0.61,0.73,0.91
28025,1413,0.69,0.74,0.92
28027,1414,0.56,0.72,0.88
28029,1415,0.69,0.78,0.91
28031,1416,0.68,0.79,0.92
28033,1417,0.58,0.66,0.88
28035,1418,0.49,0.65,0.89
28037,1419,0.59,0.74,0.91
28039,1420,0.7,0.77,0.91
28041,1421,0.65,0.79,0.92
28043,1422,0.61,0.75,0.91
28045,1423,0.59,0.7,0.86
28047,1424,0.51,0.6,0.81
28049,1425,0.6,0.67,0.88
28051,1426,0.54,0.73,0.88
28053,1427,0.57,0.7,0.89
28055,1428,0.54,0.64,0.89
28057,1429,0.72,0.79,0.94
28059,1430,0.59,0.65,0.85
28061,1431,0.6,0.75,0.91
28063,1432,0.63,0.75,0.92
28065,1433,0.66,0.78,0.92
28067,1434,0.67,0.78,0.91
28069,1435,0.56,0.67,0.9
28071,1436,0.38,0.49,0.83
28073,1437,0.51,0.68,0.89
28075,1438,0.57,0.67,0.88
28077,1439,0.59,0.76,0.91
28079,1440,0.65,0.78,0.92
28081,1441,0.64,0.75,0.91
28083,1442,0.58,0.71,0.9
28085,1443,0.6,0.76,0.91
28087,1444,0.58,0.67,0.88
28089,1445,0.55,0.64,0.88
28091,1446,0.68,0.79,0.91
28093,1447,0.67,0.73,0.9
28095,1448,0.7,0.77,0.92
28097,1449,0.58,0.75,0.91
28099,1450,0.68,0.77,0.92
28101,1451,0.63,0.74,0.9
28103,1452,0.67,0.75,0.92
28105,1453,0.41,0.54,0.89
28107,1454,0.68,0.8,0.92
28109,1455,0.64,0.73,0.88
28111,1456,0.68,0.79,0.92
28113,1457,0.58,0.75,0.9
28115,1458,0.72,0.81,0.93
28117,1459,0.71,0.82,0.94
28119,1460,0.63,0.74,0.89
28121,1461,0.56,0.65,0.89
28123,1462,0.63,0.78,0.91
28125,1463,0.6,0.67,0.89
28127,1464,0.65,0.77,0.92
28129,1465,0.63,0.78,0.93
28131,1466,0.66,0.72,0.9
28133,1467,0.6,0.69,0.91
28135,1468,0.63,0.78,0.92
28137,1469,0.72,0.77,0.92
28139,1470,0.73,0.82,0.93
28141,1471,0.72,0.8,0.93
28143,1472,0.71,0.76,0.91
28145,1473,0.69,0.8,0.93
28147,1474,0.65,0.77,0.92
28149,1475,0.61,0.69,0.89
28151,1476,0.58,0.65,0.89
28153,1477,0.64,0.79,0.92
28155,1478,0.65,0.77,0.93
28157,1479,0.61,0.75,0.93
28159,1480,0.63,0.73,0.92
28161,1481,0.6,0.76,0.9
28163,1482,0.7,0.75,0.91
29001,1483,0.41,0.49,0.87
29003,1484,0.67,0.77,0.89
29005,1485,0.54,0.68,0.88
29007,1486,0.61,0.71,0.88
29009,1487,0.62,0.67,0.86
29011,1488,0.6,0.72,0.88
29013,1489,0.54,0.75,0.89
29015,1490,0.44,0.68,0.85
29017,1491,0.68,0.77,0.91
29019,1492,0.38,0.45,0.82
29021,1493,0.64,0.72,0.87
29023,1494,0.59,0.68,0.9
29025,1495,0.66,0.73,0.87
29027,1496,0.54,0.66,0.86
29029,1497,0.42,0.53,0.83
29031,1498,0.51,0.66,0.89
29033,1499,0.65,0.79,0.9
29035,1500,0.57,0.68,0.9
29037,1501,0.63,0.69,0.85
29039,1502,0.57,0.68,0.85
29041,1503,0.57,0.77,0.91
29043,1504,0.54,0.6,0.83
29045,1505,0.64,0.69,0.89
29047,1506,0.59,0.63,0.82
29049,1507,0.63,0.71,0.87
29051,1508,0.5,0.61,0.86
29053,1509,0.62,0.72,0.89
29055,1510,0.62,0.75,0.89
29057,1511,0.6,0.67,0.86
29059,1512,0.54,0.65,0.84
29061,1513,0.58,0.74,0.88
29063,1514,0.65,0.73,0.88
29065,1515,0.56,0.68,0.88
29067,1516,0.58,0.7,0.87
29069,1517,0.64,0.73,0.92
29071,1518,0.69,0.75,0.89
29073,1519,0.59,0.76,0.9
29075,1520,0.62,0.75,0.9
29077,1521,0.5,0.55,0.83
29079,1522,0.52,0.71,0.89
29081,1523,0.59,0.75,0.89
29083,1524,0.51,0.71,0.85
29085,1525,0.47,0.63,0.85
29087,1526,0.61,0.74,0.88
29089,1527,0.53,0.64,0.88
29091,1528,0.55,0.67,0.87
29093,1529,0.63,0.77,0.91
29095,1530,0.61,0.64,0.82
29097,1531,0.56,0.65,0.85
29099,1532,0.71,0.76,0.89
29101,1533,0.41,0.54,0.79
29103,1534,0.57,0.7,0.9
29105,1535,0.61,0.68,0.86
29107,1536,0.66,0.75,0.88
29109,1537,0.61,0.67,0.85
29111,1538,0.54,0.62,0.89
29113,1539,0.65,0.74,0.88
29115,1540,0.56,0.73,0.89
29117,1541,0.57,0.76,0.89
29119,1542,0.64,0.69,0.84
29121,1543,0.58,0.68,0.89
29123,1544,0.63,0.77,0.9
29125,1545,0.63,0.76,0.9
29127,1546,0.61,0.7,0.89
29129,1547,0.54,0.68,0.88
29131,1548,0.58,0.69,0.89
29133,1549,0.65,0.71,0.92
29135,1550,0.67,0.74,0.9
29137,1551,0.62,0.72,0.9
29139,1552,0.64,0.75,0.9
29141,1553,0.52,0.64,0.85
29143,1554,0.62,0.73,0.92
29145,1555,0.61,0.69,0.86
29147,1556,0.41,0.64,0.88
29149,1557,0.52,0.61,0.88
29151,1558,0.65,0.75,0.92
29153,1559,0.53,0.62,0.84
29155,1560,0.58,0.71,0.92
29157,1561,0.68,0.8,0.92
29159,1562,0.55,0.69,0.85
29161,1563,0.44,0.64,0.85
29163,1564,0.63,0.75,0.9
29165,1565,0.53,0.58,0.78
29167,1566,0.53,0.59,0.84
29169,1567,0.23,0.28,0.52
29171,1568,0.55,0.65,0.89
29173,1569,0.62,0.74,0.89
29175,1570,0.61,0.68,0.88
29177,1571,0.7,0.78,0.9
29179,1572,0.57,0.74,0.91
29181,1573,0.6,0.69,0.91
29183,1574,0.62,0.67,0.84
29185,1575,0.46,0.71,0.86
29186,1576,0.65,0.8,0.91
29187,1577,0.63,0.77,0.9
29189,1578,0.64,0.66,0.83
29195,1579,0.52,0.64,0.83
29197,1580,0.59,0.67,0.89
29199,1581,0.6,0.67,0.89
29201,1582,0.61,0.69,0.91
29203,1583,0.57,0.68,0.9
29205,1584,0.57,0.69,0.9
29207,1585,0.68,0.73,0.92
29209,1586,0.51,0.57,0.81
29211,1587,0.56,0.69,0.89
29213,1588,0.45,0.51,0.8
29215,1589,0.52,0.65,0.85
29217,1590,0.56,0.7,0.87
29219,1591,0.64,0.73,0.87
29221,1592,0.68,0.8,0.92
29223,1593,0.59,0.68,0.9
29225,1594,0.61,0.67,0.85
29227,1595,0.58,0.72,0.89
29229,1596,0.63,0.69,0.87
29510,1597,0.62,0.64,0.83
30001,1598,0.24,0.36,0.75
30003,1599,0.43,0.67,0.84
30005,1600,0.39,0.52,0.83
30007,1601,0.24,0.47,0.69
30009,1602,0.22,0.43,0.65
30011,1603,0.16,0.36,0.71
30013,1604,0.38,0.43,0.65
30015,1605,0.19,0.5,0.76
30017,1606,0.37,0.44,0.76
30019,1607,0.35,0.42,0.73
30021,1608,0.36,0.41,0.71
30023,1609,0.46,0.58,0.79
30025,1610,0.33,0.44,0.76
30027,1611,0.32,0.48,0.73
30029,1612,0.41,0.46,0.65
30031,1613,0.28,0.3,0.54
30033,1614,0.24,0.42,0.78
30035,1615,0.51,0.57,0.83
30037,1616,0.15,0.4,0.64
30039,1617,0.29,0.37,0.63
30041,1618,0.35,0.44,0.76
30043,1619,0.18,0.47,0.7
30045,1620,0.17,0.42,0.75
30047,1621,0.49,0.54,0.76
30049,1622,0.35,0.47,0.7
30051,1623,0.29,0.42,0.7
30053,1624,0.32,0.43,0.65
30055,1625,0.31,0.49,0.8
30057,1626,0.28,0.32,0.53
30059,1627,0.24,0.47,0.7
30061,1628,0.19,0.42,0.66
30063,1629,0.34,0.43,0.67
30065,1630,0.39,0.45,0.66
30067,1631,0.36,0.38,0.59
30069,1632,0.28,0.46,0.74
30071,1633,0.37,0.42,0.77
30073,1634,0.38,0.52,0.77
30075,1635,0.24,0.44,0.77
30077,1636,0.35,0.49,0.72
30079,1637,0.3,0.35,0.68
30081,1638,0.26,0.4,0.64
30083,1639,0.36,0.41,0.67
30085,1640,0.46,0.52,0.77
30087,1641,0.29,0.56,0.79
30089,1642,0.24,0.41,0.65
30091,1643,0.35,0.41,0.67
30093,1644,0.47,0.6,0.79
30095,1645,0.23,0.49,0.7
30097,1646,0.28,0.44,0.66
30099,1647,0.28,0.51,0.75
30101,1648,0.28,0.42,0.68
30103,1649,0.17,0.42,0.73
30105,1650,0.33,0.43,0.74
30107,1651,0.24,0.5,0.7
30109,1652,0.31,0.4,0.73
30111,1653,0.43,0.48,0.72
31001,1654,0.49,0.62,0.85
31003,1655,0.51,0.59,0.88
31005,1656,0.27,0.42,0.84
31007,1657,0.37,0.47,0.76
31009,1658,0.24,0.46,0.84
31011,1659,0.49,0.69,0.89
31013,1660,0.48,0.51,0.8
31015,1661,0.4,0.52,0.88
31017,1662,0.33,0.45,0.85
31019,1663,0.46,0.53,0.86
31021,1664,0.57,0.72,0.87
31023,1665,0.59,0.75,0.88
31025,1666,0.63,0.68,0.84
31027,1667,0.45,0.61,0.89
31029,1668,0.39,0.48,0.84
31031,1669,0.31,0.39,0.82
31033,1670,0.36,0.45,0.76
31035,1671,0.48,0.65,0.85
31037,1672,0.5,0.69,0.83
31039,1673,0.52,0.74,0.88
31041,1674,0.35,0.55,0.85
31043,1675,0.6,0.68,0.81
31045,1676,0.28,0.36,0.77
31047,1677,0.48,0.57,0.82
31049,1678,0.34,0.42,0.8
31051,1679,0.52,0.66,0.86
31053,1680,0.56,0.68,0.84
31055,1681,0.6,0.63,0.8
31057,1682,0.38,0.49,0.84
31059,1683,0.43,0.72,0.87
31061,1684,0.51,0.6,0.87
31063,1685,0.35,0.47,0.86
31065,1686,0.41,0.57,0.87
31067,1687,0.62,0.72,0.87
31069,1688,0.27,0.4,0.74
31071,1689,0.34,0.58,0.88
31073,1690,0.46,0.54,0.85
31075,1691,0.17,0.38,0.82
31077,1692,0.46,0.64,0.9
31079,1693,0.53,0.64,0.83
31081,1694,0.47,0.66,0.87
31083,1695,0.46,0.57,0.85
31085,1696,0.42,0.5,0.85
31087,1697,0.42,0.5,0.83
31089,1698,0.39,0.52,0.88
31091,1699,0.25,0.43,0.85
31093,1700,0.57,0.71,0.89
31095,1701,0.58,0.68,0.86
31097,1702,0.58,0.69,0.85
31099,1703,0.5,0.58,0.86
31101,1704,0.39,0.44,0.81
31103,1705,0.31,0.43,0.85
31105,1706,0.42,0.5,0.76
31107,1707,0.43,0.6,0.87
31109,1708,0.57,0.63,0.82
31111,1709,0.45,0.54,0.83
31113,1710,0.38,0.5,0.83
31115,1711,0.35,0.55,0.87
31117,1712,0.41,0.49,0.88
31119,1713,0.46,0.7,0.85
31121,1714,0.48,0.72,0.87
31123,1715,0.45,0.5,0.79
31125,1716,0.52,0.76,0.89
31127,1717,0.36,0.63,0.81
31129,1718,0.45,0.64,0.87
31131,1719,0.64,0.7,0.85
31133,1720,0.46,0.71,0.87
31135,1721,0.43,0.48,0.85
31137,1722,0.53,0.61,0.87
31139,1723,0.53,0.61,0.89
31141,1724,0.51,0.74,0.85
31143,1725,0.45,0.72,0.87
31145,1726,0.42,0.53,0.85
31147,1727,0.54,0.74,0.88
31149,1728,0.38,0.46,0.87
31151,1729,0.54,0.67,0.84
31153,1730,0.56,0.59,0.75
31155,1731,0.63,0.71,0.86
31157,1732,0.49,0.54,0.79
31159,1733,0.47,0.61,0.83
31161,1734,0.34,0.46,0.8
31163,1735,0.54,0.65,0.89
31165,1736,0.3,0.4,0.78
31167,1737,0.53,0.73,0.88
31169,1738,0.39,0.62,0.86
31171,1739,0.17,0.43,0.83
31173,1740,0.59,0.7,0.87
31175,1741,0.45,0.61,0.88
31177,1742,0.61,0.69,0.85
31179,1743,0.4,0.6,0.89
31181,1744,0.46,0.58,0.87
31183,1745,0.37,0.55,0.88
31185,1746,0.51,0.64,0.81
32001,1747,0.29,0.34,0.66
32003,1748,0.44,0.44,0.66
32005,1749,0.3,0.39,0.74
32007,1750,0.41,0.42,0.76
32009,1751,0.06,0.2,0.59
32011,1752,0.16,0.29,0.73
32013,1753,0.35,0.43,0.77
32015,1754,0.3,0.31,0.78
32017,1755,0.29,0.52,0.78
32019,1756,0.3,0.34,0.74
32021,1757,0.29,0.39,0.75
32023,1758,0.25,0.25,0.63
32027,1759,0.32,0.51,0.79
32029,1760,0.19,0.48,0.73
32031,1761,0.46,0.46,0.77
32033,1762,0.32,0.33,0.79
32510,1763,0.38,0.41,0.78
33001,1764,0.59,0.71,0.82
33003,1765,0.49,0.64,0.81
33005,1766,0.49,0.67,0.83
33007,1767,0.45,0.63,0.82
33009,1768,0.36,0.48,0.75
33011,1769,0.61,0.71,0.82
33013,1770,0.55,0.68,0.81
33015,1771,0.63,0.71,0.82
33017,1772,0.53,0.67,0.83
33019,1773,0.58,0.7,0.82
34001,1774,0.64,0.75,0.86
34003,1775,0.67,0.73,0.84
34005,1776,0.61,0.71,0.83
34007,1777,0.71,0.79,0.87
34009,1778,0.55,0.71,0.85
34011,1779,0.73,0.78,0.88
34013,1780,0.69,0.74,0.84
34015,1781,0.71,0.79,0.88
34017,1782,0.65,0.71,0.81
34019,1783,0.57,0.68,0.82
34021,1784,0.64,0.72,0.84
34023,1785,0.69,0.75,0.84
34025,1786,0.67,0.75,0.84
34027,1787,0.64,0.71,0.83
34029,1788,0.6,0.75,0.85
34031,1789,0.72,0.78,0.87
34033,1790,0.74,0.78,0.88
34035,1791,0.64,0.7,0.83
34037,1792,0.63,0.73,0.84
34039,1793,0.68,0.75,0.84
34041,1794,0.62,0.74,0.85
35001,1795,0.49,0.54,0.7
35003,1796,0.1,0.19,0.62
35005,1797,0.46,0.54,0.8
35006,1798,0.36,0.6,0.81
35007,1799,0.29,0.37,0.75
35009,1800,0.4,0.42,0.68
35011,1801,0.21,0.42,0.82
35013,1802,0.39,0.54,0.72
35015,1803,0.46,0.54,0.8
35017,1804,0.4,0.51,0.75
35019,1805,0.35,0.45,0.82
35021,1806,0.13,0.35,0.82
35023,1807,0.24,0.39,0.73
35025,1808,0.46,0.53,0.81
35027,1809,0.27,0.37,0.71
35028,1810,0.32,0.44,0.59
35029,1811,0.38,0.52,0.73
35031,1812,0.35,0.57,0.81
35033,1813,0.4,0.46,0.81
35035,1814,0.3,0.46,0.62
35037,1815,0.4,0.5,0.8
35039,1816,0.38,0.55,0.83
35041,1817,0.37,0.46,0.76
35043,1818,0.46,0.54,0.69
35045,1819,0.42,0.48,0.77
35047,1820,0.38,0.46,0.8
35049,1821,0.34,0.56,0.67
35051,1822,0.26,0.38,0.62
35053,1823,0.29,0.52,0.75
35055,1824,0.33,0.42,0.68
35057,1825,0.18,0.55,0.72
35059,1826,0.28,0.38,0.79
35061,1827,0.58,0.64,0.78
36001,1828,0.52,0.6,0.84
36003,1829,0.46,0.63,0.87
36005,1830,0.72,0.76,0.86
36007,1831,0.5,0.56,0.85
36009,1832,0.61,0.69,0.86
36011,1833,0.64,0.71,0.85
36013,1834,0.63,0.66,0.86
36015,1835,0.59,0.64,0.84
36017,1836,0.61,0.69,0.84
36019,1837,0.57,0.6,0.85
36021,1838,0.58,0.65,0.82
36023,1839,0.48,0.54,0.87
36025,1840,0.51,0.63,0.86
36027,1841,0.5,0.68,0.82
36029,1842,0.66,0.71,0.87
36031,1843,0.54,0.63,0.82
36033,1844,0.62,0.65,0.85
36035,1845,0.67,0.73,0.86
36037,1846,0.69,0.73,0.86
36039,1847,0.58,0.66,0.83
36041,1848,0.35,0.56,0.8
36043,1849,0.6,0.72,0.86
36045,1850,0.38,0.45,0.64
36047,1851,0.63,0.68,0.79
36049,1852,0.62,0.71,0.85
36051,1853,0.38,0.65,0.88
36053,1854,0.52,0.59,0.83
36055,1855,0.59,0.67,0.84
36057,1856,0.66,0.71,0.85
36059,1857,0.7,0.73,0.84
36061,1858,0.51,0.57,0.72
36063,1859,0.69,0.74,0.86
36065,1860,0.61,0.67,0.84
36067,1861,0.56,0.61,0.83
36069,1862,0.58,0.65,0.84
36071,1863,0.57,0.69,0.81
36073,1864,0.64,0.74,0.86
36075,1865,0.62,0.68,0.85
36077,1866,0.38,0.54,0.85
36079,1867,0.6,0.71,0.83
36081,1868,0.67,0.73,0.82
36083,1869,0.59,0.64,0.84
36085,1870,0.73,0.79,0.86
36087,1871,0.65,0.72,0.83
36089,1872,0.5,0.57,0.85
36091,1873,0.54,0.58,0.81
36093,1874,0.58,0.63,0.84
36095,1875,0.55,0.63,0.85
36097,1876,0.61,0.69,0.84
36099,1877,0.58,0.69,0.85
36101,1878,0.6,0.71,0.85
36103,1879,0.55,0.71,0.83
36105,1880,0.5,0.69,0.82
36107,1881,0.61,0.68,0.85
36109,1882,0.36,0.4,0.77
36111,1883,0.53,0.7,0.83
36113,1884,0.55,0.66,0.83
36115,1885,0.64,0.72,0.85
36117,1886,0.65,0.74,0.85
36119,1887,0.65,0.7,0.82
36121,1888,0.63,0.76,0.87
36123,1889,0.53,0.71,0.86
37001,1890,0.61,0.67,0.87
37003,1891,0.7,0.79,0.92
37005,1892,0.66,0.77,0.91
37007,1893,0.74,0.84,0.94
37009,1894,0.67,0.76,0.91
37011,1895,0.69,0.76,0.91
37013,1896,0.63,0.69,0.9
37015,1897,0.61,0.74,0.93
37017,1898,0.65,0.74,0.91
37019,1899,0.46,0.51,0.81
37021,1900,0.47,0.56,0.8
37023,1901,0.68,0.75,0.9
37025,1902,0.57,0.63,0.84
37027,1903,0.7,0.78,0.92
37029,1904,0.48,0.54,0.8
37031,1905,0.39,0.51,0.8
37033,1906,0.69,0.77,0.93
37035,1907,0.65,0.71,0.89
37037,1908,0.58,0.67,0.86
37039,1909,0.56,0.67,0.87
37041,1910,0.55,0.67,0.91
37043,1911,0.54,0.65,0.86
37045,1912,0.72,0.78,0.92
37047,1913,0.66,0.72,0.92
37049,1914,0.44,0.51,0.76
37051,1915,0.38,0.49,0.76
37053,1916,0.45,0.56,0.82
37055,1917,0.34,0.48,0.82
37057,1918,0.67,0.76,0.91
37059,1919,0.67,0.71,0.89
37061,1920,0.58,0.73,0.89
37063,1921,0.42,0.51,0.81
37065,1922,0.67,0.78,0.93
37067,1923,0.54,0.65,0.87
37069,1924,0.59,0.67,0.88
37071,1925,0.68,0.73,0.89
37073,1926,0.57,0.65,0.87
37075,1927,0.67,0.74,0.92
37077,1928,0.66,0.74,0.92
37079,1929,0.67,0.78,0.92
37081,1930,0.5,0.63,0.88
37083,1931,0.64,0.77,0.93
37085,1932,0.51,0.61,0.82
37087,1933,0.61,0.67,0.87
37089,1934,0.54,0.61,0.83
37091,1935,0.5,0.65,0.92
37093,1936,0.46,0.56,0.78
37095,1937,0.43,0.56,0.87
37097,1938,0.57,0.63,0.84
37099,1939,0.42,0.49,0.88
37101,1940,0.6,0.68,0.87
37103,1941,0.58,0.67,0.87
37105,1942,0.6,0.67,0.85
37107,1943,0.64,0.74,0.91
37109,1944,0.67,0.72,0.89
37111,1945,0.7,0.77,0.91
37113,1946,0.55,0.62,0.85
37115,1947,0.59,0.66,0.87
37117,1948,0.65,0.76,0.92
37119,1949,0.44,0.52,0.79
37121,1950,0.7,0.77,0.91
37123,1951,0.63,0.78,0.92
37125,1952,0.46,0.6,0.81
37127,1953,0.66,0.72,0.91
37129,1954,0.39,0.44,0.81
37131,1955,0.54,0.72,0.91
37133,1956,0.25,0.32,0.62
37135,1957,0.41,0.47,0.8
37137,1958,0.53,0.64,0.88
37139,1959,0.5,0.59,0.86
37141,1960,0.51,0.6,0.83
37143,1961,0.57,0.66,0.88
37145,1962,0.68,0.75,0.92
37147,1963,0.49,0.63,0.89
37149,1964,0.57,0.64,0.85
37151,1965,0.67,0.76,0.9
37153,1966,0.66,0.8,0.92
37155,1967,0.71,0.79,0.92
37157,1968,0.71,0.78,0.92
37159,1969,0.64,0.7,0.89
37161,1970,0.71,0.79,0.92
37163,1971,0.63,0.76,0.9
37165,1972,0.66,0.79,0.91
37167,1973,0.69,0.78,0.91
37169,1974,0.69,0.78,0.92
37171,1975,0.7,0.79,0.92
37173,1976,0.64,0.7,0.88
37175,1977,0.56,0.62,0.85
37177,1978,0.5,0.63,0.91
37179,1979,0.55,0.62,0.82
37181,1980,0.72,0.79,0.94
37183,1981,0.44,0.53,0.83
37185,1982,0.57,0.75,0.93
37187,1983,0.59,0.66,0.92
37189,1984,0.32,0.5,0.87
37191,1985,0.61,0.68,0.86
37193,1986,0.7,0.79,0.92
37195,1987,0.69,0.75,0.92
37197,1988,0.71,0.78,0.92
37199,1989,0.71,0.76,0.9
38001,1990,0.34,0.43,0.78
38003,1991,0.5,0.6,0.81
38005,1992,0.47,0.6,0.85
38007,1993,0.22,0.29,0.59
38009,1994,0.31,0.46,0.71
38011,1995,0.34,0.43,0.79
38013,1996,0.22,0.44,0.66
38015,1997,0.42,0.5,0.77
38017,1998,0.4,0.48,0.78
38019,1999,0.41,0.51,0.81
38021,2e3,0.38,0.52,0.78
38023,2001,0.32,0.39,0.59
38025,2002,0.24,0.33,0.59
38027,2003,0.4,0.63,0.82
38029,2004,0.48,0.56,0.84
38031,2005,0.39,0.63,0.81
38033,2006,0.24,0.39,0.71
38035,2007,0.34,0.46,0.73
38037,2008,0.27,0.54,0.79
38039,2009,0.44,0.62,0.81
38041,2010,0.31,0.39,0.72
38043,2011,0.48,0.58,0.82
38045,2012,0.44,0.63,0.84
38047,2013,0.34,0.56,0.81
38049,2014,0.45,0.58,0.79
38051,2015,0.36,0.57,0.84
38053,2016,0.16,0.25,0.47
38055,2017,0.28,0.55,0.77
38057,2018,0.31,0.49,0.7
38059,2019,0.48,0.53,0.8
38061,2020,0.26,0.37,0.65
38063,2021,0.43,0.6,0.8
38065,2022,0.46,0.53,0.78
38067,2023,0.38,0.54,0.8
38069,2024,0.36,0.56,0.81
38071,2025,0.43,0.54,0.83
38073,2026,0.57,0.65,0.84
38075,2027,0.42,0.46,0.66
38077,2028,0.48,0.55,0.83
38079,2029,0.61,0.67,0.89
38081,2030,0.41,0.61,0.84
38083,2031,0.33,0.53,0.75
38085,2032,0.38,0.54,0.81
38087,2033,0.35,0.41,0.77
38089,2034,0.3,0.35,0.63
38091,2035,0.58,0.68,0.85
38093,2036,0.4,0.58,0.78
38095,2037,0.4,0.48,0.81
38097,2038,0.49,0.56,0.75
38099,2039,0.49,0.55,0.79
38101,2040,0.34,0.41,0.56
38103,2041,0.32,0.53,0.77
38105,2042,0.26,0.31,0.48
39001,2043,0.71,0.83,0.93
39003,2044,0.58,0.71,0.89
39005,2045,0.61,0.75,0.9
39007,2046,0.61,0.71,0.87
39009,2047,0.37,0.52,0.9
39011,2048,0.65,0.79,0.91
39013,2049,0.65,0.74,0.91
39015,2050,0.72,0.81,0.92
39017,2051,0.64,0.7,0.88
39019,2052,0.68,0.74,0.89
39021,2053,0.71,0.77,0.9
39023,2054,0.71,0.76,0.9
39025,2055,0.68,0.73,0.88
39027,2056,0.7,0.78,0.91
39029,2057,0.73,0.77,0.9
39031,2058,0.68,0.79,0.91
39033,2059,0.67,0.79,0.91
39035,2060,0.64,0.68,0.86
39037,2061,0.71,0.79,0.91
39039,2062,0.63,0.71,0.88
39041,2063,0.53,0.62,0.85
39043,2064,0.63,0.71,0.88
39045,2065,0.66,0.73,0.89
39047,2066,0.74,0.81,0.92
39049,2067,0.53,0.62,0.87
39051,2068,0.66,0.72,0.88
39053,2069,0.67,0.78,0.93
39055,2070,0.62,0.66,0.86
39057,2071,0.57,0.63,0.85
39059,2072,0.65,0.77,0.91
39061,2073,0.67,0.73,0.88
39063,2074,0.6,0.7,0.88
39065,2075,0.6,0.74,0.91
39067,2076,0.65,0.74,0.91
39069,2077,0.68,0.74,0.9
39071,2078,0.67,0.81,0.92
39073,2079,0.75,0.81,0.92
39075,2080,0.67,0.75,0.9
39077,2081,0.65,0.77,0.9
39079,2082,0.72,0.82,0.94
39081,2083,0.65,0.7,0.88
39083,2084,0.6,0.67,0.87
39085,2085,0.62,0.71,0.87
39087,2086,0.72,0.79,0.93
39089,2087,0.65,0.71,0.88
39091,2088,0.69,0.77,0.9
39093,2089,0.64,0.69,0.87
39095,2090,0.69,0.74,0.88
39097,2091,0.66,0.74,0.9
39099,2092,0.64,0.71,0.88
39101,2093,0.71,0.77,0.91
39103,2094,0.64,0.72,0.87
39105,2095,0.72,0.81,0.93
39107,2096,0.68,0.82,0.92
39109,2097,0.65,0.73,0.88
39111,2098,0.68,0.77,0.92
39113,2099,0.63,0.7,0.87
39115,2100,0.7,0.8,0.93
39117,2101,0.68,0.76,0.9
39119,2102,0.69,0.81,0.92
39121,2103,0.73,0.83,0.94
39123,2104,0.61,0.71,0.88
39125,2105,0.68,0.75,0.91
39127,2106,0.77,0.82,0.93
39129,2107,0.7,0.78,0.92
39131,2108,0.71,0.83,0.93
39133,2109,0.59,0.67,0.88
39135,2110,0.72,0.78,0.9
39137,2111,0.69,0.81,0.92
39139,2112,0.61,0.75,0.89
39141,2113,0.74,0.82,0.93
39143,2114,0.68,0.78,0.89
39145,2115,0.7,0.82,0.93
39147,2116,0.64,0.76,0.9
39149,2117,0.68,0.78,0.91
39151,2118,0.66,0.73,0.89
39153,2119,0.66,0.7,0.87
39155,2120,0.66,0.73,0.88
39157,2121,0.69,0.78,0.9
39159,2122,0.61,0.72,0.88
39161,2123,0.68,0.76,0.91
39163,2124,0.73,0.83,0.94
39165,2125,0.62,0.68,0.86
39167,2126,0.63,0.73,0.91
39169,2127,0.61,0.71,0.88
39171,2128,0.63,0.72,0.88
39173,2129,0.52,0.61,0.87
39175,2130,0.71,0.81,0.92
40001,2131,0.69,0.78,0.9
40003,2132,0.45,0.63,0.86
40005,2133,0.61,0.71,0.9
40007,2134,0.34,0.48,0.86
40009,2135,0.51,0.57,0.87
40011,2136,0.5,0.69,0.87
40013,2137,0.54,0.68,0.88
40015,2138,0.53,0.68,0.85
40017,2139,0.55,0.63,0.83
40019,2140,0.56,0.71,0.87
40021,2141,0.54,0.7,0.88
40023,2142,0.58,0.65,0.89
40025,2143,0.34,0.47,0.85
40027,2144,0.53,0.58,0.81
40029,2145,0.61,0.74,0.9
40031,2146,0.4,0.5,0.69
40033,2147,0.58,0.66,0.88
40035,2148,0.56,0.7,0.87
40037,2149,0.61,0.73,0.86
40039,2150,0.41,0.64,0.87
40041,2151,0.56,0.69,0.86
40043,2152,0.47,0.65,0.88
40045,2153,0.42,0.51,0.87
40047,2154,0.47,0.59,0.79
40049,2155,0.57,0.71,0.87
40051,2156,0.64,0.7,0.87
40053,2157,0.43,0.62,0.85
40055,2158,0.5,0.59,0.86
40057,2159,0.47,0.56,0.89
40059,2160,0.44,0.5,0.86
40061,2161,0.68,0.77,0.91
40063,2162,0.56,0.73,0.87
40065,2163,0.41,0.48,0.76
40067,2164,0.55,0.72,0.9
40069,2165,0.58,0.69,0.88
40071,2166,0.52,0.68,0.85
40073,2167,0.58,0.69,0.89
40075,2168,0.5,0.68,0.87
40077,2169,0.53,0.68,0.89
40079,2170,0.59,0.69,0.89
40081,2171,0.6,0.71,0.86
40083,2172,0.53,0.61,0.82
40085,2173,0.53,0.69,0.87
40087,2174,0.61,0.67,0.85
40089,2175,0.56,0.65,0.9
40091,2176,0.5,0.71,0.87
40093,2177,0.51,0.67,0.88
40095,2178,0.54,0.66,0.87
40097,2179,0.67,0.73,0.88
40099,2180,0.55,0.72,0.89
40101,2181,0.61,0.68,0.86
40103,2182,0.52,0.69,0.87
40105,2183,0.64,0.72,0.88
40107,2184,0.53,0.75,0.87
40109,2185,0.56,0.63,0.8
40111,2186,0.59,0.72,0.87
40113,2187,0.65,0.73,0.88
40115,2188,0.59,0.7,0.87
40117,2189,0.59,0.71,0.86
40119,2190,0.38,0.56,0.82
40121,2191,0.52,0.68,0.88
40123,2192,0.57,0.7,0.87
40125,2193,0.58,0.68,0.83
40127,2194,0.5,0.64,0.89
40129,2195,0.49,0.59,0.89
40131,2196,0.61,0.68,0.86
40133,2197,0.57,0.74,0.87
40135,2198,0.64,0.72,0.88
40137,2199,0.55,0.69,0.87
40139,2200,0.42,0.49,0.8
40141,2201,0.52,0.61,0.87
40143,2202,0.54,0.63,0.8
40145,2203,0.59,0.65,0.84
40147,2204,0.55,0.62,0.83
40149,2205,0.49,0.67,0.88
40151,2206,0.34,0.47,0.83
40153,2207,0.47,0.56,0.87
41001,2208,0.36,0.43,0.78
41003,2209,0.36,0.56,0.72
41005,2210,0.48,0.62,0.72
41007,2211,0.41,0.56,0.71
41009,2212,0.59,0.66,0.78
41011,2213,0.43,0.5,0.73
41013,2214,0.43,0.47,0.79
41015,2215,0.34,0.41,0.7
41017,2216,0.34,0.43,0.69
41019,2217,0.53,0.58,0.77
41021,2218,0.28,0.41,0.77
41023,2219,0.29,0.39,0.8
41025,2220,0.28,0.32,0.79
41027,2221,0.53,0.58,0.72
41029,2222,0.45,0.48,0.72
41031,2223,0.33,0.56,0.78
41033,2224,0.44,0.46,0.69
41035,2225,0.43,0.5,0.77
41037,2226,0.26,0.38,0.76
41039,2227,0.44,0.49,0.7
41041,2228,0.34,0.53,0.7
41043,2229,0.54,0.65,0.77
41045,2230,0.3,0.57,0.82
41047,2231,0.55,0.66,0.76
41049,2232,0.41,0.5,0.77
41051,2233,0.48,0.5,0.62
41053,2234,0.48,0.62,0.76
41055,2235,0.32,0.51,0.77
41057,2236,0.45,0.6,0.75
41059,2237,0.49,0.54,0.81
41061,2238,0.43,0.47,0.8
41063,2239,0.36,0.45,0.77
41065,2240,0.4,0.61,0.78
41067,2241,0.44,0.53,0.66
41069,2242,0.22,0.36,0.72
41071,2243,0.54,0.63,0.76
42001,2244,0.58,0.68,0.88
42003,2245,0.62,0.65,0.88
42005,2246,0.76,0.81,0.92
42007,2247,0.67,0.73,0.89
42009,2248,0.69,0.79,0.92
42011,2249,0.64,0.75,0.88
42013,2250,0.65,0.74,0.91
42015,2251,0.64,0.73,0.88
42017,2252,0.67,0.75,0.86
42019,2253,0.62,0.7,0.88
42021,2254,0.63,0.74,0.91
42023,2255,0.6,0.69,0.89
42025,2256,0.65,0.79,0.88
42027,2257,0.34,0.42,0.86
42029,2258,0.6,0.69,0.86
42031,2259,0.57,0.75,0.91
42033,2260,0.68,0.77,0.91
42035,2261,0.59,0.69,0.91
42037,2262,0.52,0.75,0.9
42039,2263,0.61,0.7,0.88
42041,2264,0.53,0.66,0.87
42043,2265,0.6,0.71,0.87
42045,2266,0.69,0.76,0.87
42047,2267,0.64,0.78,0.91
42049,2268,0.6,0.67,0.88
42051,2269,0.75,0.79,0.92
42053,2270,0.49,0.7,0.87
42055,2271,0.62,0.72,0.88
42057,2272,0.72,0.79,0.92
42059,2273,0.69,0.75,0.92
42061,2274,0.68,0.77,0.92
42063,2275,0.61,0.68,0.91
42065,2276,0.64,0.77,0.91
42067,2277,0.71,0.82,0.92
42069,2278,0.62,0.72,0.89
42071,2279,0.63,0.73,0.87
42073,2280,0.72,0.77,0.9
42075,2281,0.65,0.74,0.88
42077,2282,0.6,0.74,0.86
42079,2283,0.64,0.74,0.89
42081,2284,0.57,0.69,0.89
42083,2285,0.58,0.7,0.89
42085,2286,0.61,0.72,0.88
42087,2287,0.71,0.8,0.92
42089,2288,0.45,0.72,0.84
42091,2289,0.65,0.74,0.86
42093,2290,0.57,0.68,0.86
42095,2291,0.57,0.73,0.86
42097,2292,0.68,0.78,0.9
42099,2293,0.68,0.77,0.9
42101,2294,0.66,0.75,0.86
42103,2295,0.47,0.68,0.83
42105,2296,0.57,0.68,0.89
42107,2297,0.72,0.82,0.91
42109,2298,0.6,0.7,0.9
42111,2299,0.68,0.78,0.92
42113,2300,0.57,0.67,0.87
42115,2301,0.64,0.7,0.87
42117,2302,0.55,0.65,0.88
42119,2303,0.48,0.56,0.86
42121,2304,0.63,0.76,0.89
42123,2305,0.64,0.69,0.88
42125,2306,0.67,0.71,0.89
42127,2307,0.58,0.7,0.86
42129,2308,0.7,0.74,0.9
42131,2309,0.66,0.73,0.88
42133,2310,0.65,0.75,0.88
44001,2311,0.58,0.7,0.84
44003,2312,0.7,0.76,0.84
44005,2313,0.51,0.61,0.77
44007,2314,0.68,0.72,0.84
44009,2315,0.56,0.69,0.84
45001,2316,0.71,0.8,0.93
45003,2317,0.6,0.67,0.87
45005,2318,0.53,0.69,0.9
45007,2319,0.7,0.75,0.9
45009,2320,0.55,0.71,0.9
45011,2321,0.67,0.78,0.92
45013,2322,0.39,0.44,0.71
45015,2323,0.52,0.59,0.8
45017,2324,0.69,0.76,0.91
45019,2325,0.46,0.5,0.79
45021,2326,0.75,0.81,0.93
45023,2327,0.77,0.83,0.94
45025,2328,0.66,0.8,0.93
45027,2329,0.65,0.73,0.89
45029,2330,0.67,0.74,0.9
45031,2331,0.66,0.78,0.92
45033,2332,0.7,0.77,0.93
45035,2333,0.53,0.59,0.81
45037,2334,0.63,0.71,0.9
45039,2335,0.69,0.79,0.92
45041,2336,0.65,0.74,0.91
45043,2337,0.59,0.66,0.88
45045,2338,0.58,0.64,0.86
45047,2339,0.59,0.78,0.93
45049,2340,0.6,0.73,0.91
45051,2341,0.46,0.51,0.8
45053,2342,0.57,0.62,0.84
45055,2343,0.58,0.68,0.87
45057,2344,0.68,0.73,0.89
45059,2345,0.73,0.8,0.92
45061,2346,0.69,0.79,0.91
45063,2347,0.56,0.67,0.86
45065,2348,0.63,0.75,0.91
45067,2349,0.66,0.75,0.92
45069,2350,0.67,0.78,0.93
45071,2351,0.68,0.78,0.92
45073,2352,0.63,0.69,0.89
45075,2353,0.63,0.72,0.9
45077,2354,0.59,0.63,0.88
45079,2355,0.47,0.59,0.84
45081,2356,0.72,0.8,0.92
45083,2357,0.66,0.74,0.9
45085,2358,0.62,0.7,0.86
45087,2359,0.77,0.85,0.94
45089,2360,0.63,0.75,0.91
45091,2361,0.57,0.66,0.86
46003,2362,0.44,0.64,0.85
46005,2363,0.41,0.6,0.81
46007,2364,0.42,0.59,0.82
46009,2365,0.45,0.62,0.86
46011,2366,0.42,0.51,0.83
46013,2367,0.43,0.49,0.8
46015,2368,0.42,0.49,0.84
46017,2369,0.43,0.53,0.86
46019,2370,0.4,0.49,0.76
46021,2371,0.35,0.51,0.81
46023,2372,0.43,0.6,0.87
46025,2373,0.41,0.62,0.83
46027,2374,0.3,0.49,0.85
46029,2375,0.48,0.63,0.85
46031,2376,0.37,0.54,0.83
46033,2377,0.32,0.38,0.65
46035,2378,0.4,0.61,0.85
46037,2379,0.5,0.58,0.86
46039,2380,0.49,0.64,0.86
46041,2381,0.44,0.5,0.83
46043,2382,0.44,0.62,0.86
46045,2383,0.44,0.5,0.83
46047,2384,0.26,0.39,0.69
46049,2385,0.32,0.51,0.83
46051,2386,0.48,0.59,0.87
46053,2387,0.4,0.51,0.86
46055,2388,0.26,0.49,0.81
46057,2389,0.47,0.64,0.83
46059,2390,0.41,0.54,0.87
46061,2391,0.45,0.69,0.86
46063,2392,0.31,0.45,0.8
46065,2393,0.35,0.41,0.82
46067,2394,0.43,0.64,0.86
46069,2395,0.31,0.45,0.82
46071,2396,0.24,0.56,0.8
46073,2397,0.42,0.6,0.84
46075,2398,0.29,0.39,0.83
46077,2399,0.49,0.68,0.87
46079,2400,0.49,0.62,0.83
46081,2401,0.27,0.43,0.73
46083,2402,0.51,0.59,0.85
46085,2403,0.41,0.5,0.85
46087,2404,0.57,0.67,0.86
46089,2405,0.41,0.47,0.82
46091,2406,0.47,0.58,0.83
46093,2407,0.36,0.44,0.7
46095,2408,0.37,0.48,0.86
46097,2409,0.58,0.69,0.85
46099,2410,0.48,0.57,0.81
46101,2411,0.46,0.55,0.82
46102,2412,0.57,0.63,0.82
46103,2413,0.4,0.44,0.7
46105,2414,0.29,0.42,0.8
46107,2415,0.38,0.47,0.84
46109,2416,0.49,0.57,0.84
46111,2417,0.49,0.69,0.86
46115,2418,0.46,0.6,0.86
46117,2419,0.38,0.46,0.84
46119,2420,0.39,0.44,0.83
46121,2421,0.46,0.53,0.83
46123,2422,0.4,0.48,0.86
46125,2423,0.58,0.66,0.85
46127,2424,0.47,0.57,0.82
46129,2425,0.32,0.45,0.82
46135,2426,0.46,0.62,0.84
46137,2427,0.34,0.52,0.8
47001,2428,0.65,0.69,0.88
47003,2429,0.69,0.75,0.89
47005,2430,0.64,0.75,0.9
47007,2431,0.72,0.79,0.91
47009,2432,0.62,0.67,0.87
47011,2433,0.6,0.67,0.87
47013,2434,0.73,0.78,0.93
47015,2435,0.71,0.76,0.89
47017,2436,0.63,0.75,0.91
47019,2437,0.68,0.72,0.9
47021,2438,0.64,0.68,0.86
47023,2439,0.59,0.69,0.91
47025,2440,0.69,0.74,0.91
47027,2441,0.73,0.82,0.94
47029,2442,0.75,0.79,0.92
47031,2443,0.64,0.74,0.89
47033,2444,0.7,0.78,0.92
47035,2445,0.6,0.68,0.87
47037,2446,0.46,0.48,0.78
47039,2447,0.68,0.79,0.92
47041,2448,0.71,0.78,0.91
47043,2449,0.66,0.74,0.89
47045,2450,0.66,0.75,0.92
47047,2451,0.67,0.71,0.89
47049,2452,0.73,0.8,0.93
47051,2453,0.59,0.7,0.87
47053,2454,0.66,0.74,0.92
47055,2455,0.65,0.76,0.9
47057,2456,0.73,0.78,0.92
47059,2457,0.68,0.74,0.9
47061,2458,0.79,0.86,0.94
47063,2459,0.69,0.74,0.9
47065,2460,0.59,0.66,0.87
47067,2461,0.79,0.85,0.94
47069,2462,0.62,0.78,0.93
47071,2463,0.67,0.76,0.91
47073,2464,0.72,0.79,0.92
47075,2465,0.71,0.75,0.92
47077,2466,0.72,0.81,0.93
47079,2467,0.58,0.69,0.88
47081,2468,0.67,0.75,0.89
47083,2469,0.66,0.75,0.92
47085,2470,0.63,0.75,0.9
47087,2471,0.7,0.77,0.9
47089,2472,0.62,0.68,0.89
47091,2473,0.72,0.77,0.92
47093,2474,0.53,0.6,0.86
47095,2475,0.67,0.78,0.93
47097,2476,0.71,0.76,0.92
47099,2477,0.7,0.79,0.91
47101,2478,0.69,0.78,0.9
47103,2479,0.7,0.77,0.91
47105,2480,0.64,0.69,0.87
47107,2481,0.67,0.74,0.9
47109,2482,0.65,0.76,0.91
47111,2483,0.76,0.83,0.94
47113,2484,0.56,0.67,0.89
47115,2485,0.77,0.82,0.93
47117,2486,0.69,0.75,0.89
47119,2487,0.67,0.73,0.88
47121,2488,0.68,0.76,0.91
47123,2489,0.72,0.76,0.9
47125,2490,0.41,0.46,0.75
47127,2491,0.73,0.82,0.93
47129,2492,0.73,0.78,0.92
47131,2493,0.64,0.75,0.92
47133,2494,0.71,0.8,0.92
47135,2495,0.66,0.78,0.91
47137,2496,0.73,0.8,0.93
47139,2497,0.72,0.79,0.92
47141,2498,0.57,0.73,0.89
47143,2499,0.68,0.74,0.9
47145,2500,0.69,0.75,0.91
47147,2501,0.66,0.71,0.88
47149,2502,0.51,0.58,0.85
47151,2503,0.79,0.83,0.95
47153,2504,0.73,0.79,0.91
47155,2505,0.56,0.61,0.85
47157,2506,0.65,0.68,0.88
47159,2507,0.74,0.8,0.91
47161,2508,0.64,0.72,0.88
47163,2509,0.67,0.73,0.91
47165,2510,0.59,0.63,0.85
47167,2511,0.68,0.73,0.89
47169,2512,0.75,0.79,0.92
47171,2513,0.7,0.75,0.91
47173,2514,0.76,0.8,0.93
47175,2515,0.75,0.83,0.93
47177,2516,0.75,0.81,0.92
47179,2517,0.59,0.66,0.89
47181,2518,0.72,0.81,0.92
47183,2519,0.59,0.66,0.91
47185,2520,0.68,0.78,0.9
47187,2521,0.45,0.49,0.77
47189,2522,0.58,0.63,0.85
48001,2523,0.51,0.63,0.87
48003,2524,0.49,0.54,0.85
48005,2525,0.56,0.63,0.89
48007,2526,0.41,0.44,0.74
48009,2527,0.6,0.7,0.89
48011,2528,0.47,0.58,0.86
48013,2529,0.61,0.66,0.85
48015,2530,0.41,0.7,0.85
48017,2531,0.43,0.6,0.85
48019,2532,0.44,0.5,0.76
48021,2533,0.55,0.62,0.81
48023,2534,0.5,0.57,0.88
48025,2535,0.55,0.67,0.87
48027,2536,0.34,0.39,0.59
48029,2537,0.51,0.56,0.75
48031,2538,0.42,0.55,0.81
48033,2539,0.31,0.55,0.9
48035,2540,0.48,0.64,0.85
48037,2541,0.58,0.65,0.89
48039,2542,0.59,0.61,0.8
48041,2543,0.34,0.55,0.84
48043,2544,0.22,0.27,0.73
48045,2545,0.39,0.57,0.87
48047,2546,0.61,0.77,0.91
48049,2547,0.46,0.55,0.87
48051,2548,0.49,0.68,0.87
48053,2549,0.49,0.57,0.82
48055,2550,0.58,0.67,0.84
48057,2551,0.51,0.59,0.83
48059,2552,0.47,0.53,0.84
48061,2553,0.71,0.71,0.86
48063,2554,0.59,0.65,0.88
48065,2555,0.56,0.61,0.87
48067,2556,0.62,0.68,0.9
48069,2557,0.46,0.62,0.87
48071,2558,0.6,0.68,0.86
48073,2559,0.61,0.68,0.9
48075,2560,0.44,0.51,0.91
48077,2561,0.55,0.67,0.88
48079,2562,0.4,0.63,0.89
48081,2563,0.43,0.53,0.86
48083,2564,0.49,0.57,0.88
48085,2565,0.45,0.51,0.72
48087,2566,0.41,0.57,0.88
48089,2567,0.47,0.73,0.88
48091,2568,0.48,0.52,0.76
48093,2569,0.5,0.63,0.88
48095,2570,0.41,0.49,0.85
48097,2571,0.57,0.69,0.85
48099,2572,0.37,0.45,0.64
48101,2573,0.32,0.5,0.88
48103,2574,0.52,0.55,0.84
48105,2575,0.35,0.56,0.89
48107,2576,0.56,0.62,0.87
48109,2577,0.22,0.26,0.72
48111,2578,0.36,0.52,0.78
48113,2579,0.54,0.57,0.76
48115,2580,0.39,0.64,0.88
48117,2581,0.5,0.62,0.85
48119,2582,0.56,0.72,0.89
48121,2583,0.48,0.5,0.73
48123,2584,0.51,0.65,0.87
48125,2585,0.33,0.57,0.89
48127,2586,0.43,0.49,0.84
48129,2587,0.3,0.5,0.85
48131,2588,0.59,0.78,0.94
48133,2589,0.41,0.55,0.85
48135,2590,0.51,0.54,0.83
48137,2591,0.25,0.42,0.84
48139,2592,0.58,0.67,0.84
48141,2593,0.58,0.61,0.69
48143,2594,0.33,0.55,0.85
48145,2595,0.58,0.65,0.88
48147,2596,0.57,0.72,0.87
48149,2597,0.45,0.71,0.88
48151,2598,0.45,0.51,0.87
48153,2599,0.51,0.61,0.86
48155,2600,0.42,0.53,0.88
48157,2601,0.54,0.59,0.76
48159,2602,0.5,0.67,0.87
48161,2603,0.47,0.67,0.89
48163,2604,0.48,0.67,0.87
48165,2605,0.45,0.62,0.88
48167,2606,0.37,0.63,0.8
48169,2607,0.56,0.62,0.9
48171,2608,0.38,0.54,0.8
48173,2609,0.27,0.4,0.82
48175,2610,0.48,0.63,0.87
48177,2611,0.53,0.7,0.89
48179,2612,0.44,0.58,0.85
48181,2613,0.57,0.68,0.84
48183,2614,0.57,0.62,0.87
48185,2615,0.51,0.71,0.88
48187,2616,0.51,0.54,0.73
48189,2617,0.55,0.62,0.87
48191,2618,0.35,0.59,0.88
48193,2619,0.41,0.58,0.84
48195,2620,0.41,0.57,0.87
48197,2621,0.48,0.57,0.89
48199,2622,0.63,0.75,0.89
48201,2623,0.55,0.59,0.77
48203,2624,0.54,0.61,0.88
48205,2625,0.31,0.47,0.79
48207,2626,0.38,0.54,0.89
48209,2627,0.41,0.48,0.79
48211,2628,0.38,0.49,0.88
48213,2629,0.5,0.68,0.86
48215,2630,0.71,0.71,0.86
48217,2631,0.48,0.66,0.85
48219,2632,0.56,0.61,0.88
48221,2633,0.48,0.59,0.8
48223,2634,0.55,0.71,0.88
48225,2635,0.46,0.57,0.88
48227,2636,0.46,0.56,0.83
48229,2637,0.13,0.41,0.69
48231,2638,0.6,0.7,0.85
48233,2639,0.49,0.58,0.81
48235,2640,0.36,0.45,0.83
48237,2641,0.48,0.68,0.88
48239,2642,0.56,0.68,0.88
48241,2643,0.53,0.67,0.9
48243,2644,0.17,0.29,0.75
48245,2645,0.55,0.72,0.87
48247,2646,0.49,0.75,0.92
48249,2647,0.68,0.73,0.91
48251,2648,0.59,0.66,0.83
48253,2649,0.5,0.57,0.87
48255,2650,0.45,0.67,0.88
48257,2651,0.57,0.68,0.84
48259,2652,0.44,0.51,0.75
48261,2653,0.41,0.58,0.85
48263,2654,0.31,0.54,0.89
48265,2655,0.37,0.48,0.79
48267,2656,0.37,0.47,0.85
48269,2657,0.23,0.47,0.88
48271,2658,0.33,0.43,0.81
48273,2659,0.49,0.59,0.85
48275,2660,0.39,0.57,0.9
48277,2661,0.58,0.73,0.89
48279,2662,0.58,0.65,0.87
48281,2663,0.41,0.53,0.76
48283,2664,0.49,0.65,0.85
48285,2665,0.53,0.76,0.89
48287,2666,0.54,0.69,0.86
48289,2667,0.46,0.57,0.87
48291,2668,0.67,0.73,0.87
48293,2669,0.56,0.71,0.9
48295,2670,0.35,0.47,0.86
48297,2671,0.44,0.62,0.86
48299,2672,0.33,0.52,0.8
48301,2673,0.03,0.09,0.42
48303,2674,0.46,0.49,0.85
48305,2675,0.57,0.64,0.89
48307,2676,0.41,0.54,0.88
48309,2677,0.51,0.65,0.83
48311,2678,0.26,0.49,0.81
48313,2679,0.49,0.7,0.89
48315,2680,0.53,0.59,0.87
48317,2681,0.45,0.52,0.84
48319,2682,0.39,0.58,0.87
48321,2683,0.49,0.65,0.85
48323,2684,0.65,0.68,0.9
48325,2685,0.59,0.64,0.83
48327,2686,0.3,0.49,0.85
48329,2687,0.43,0.46,0.81
48331,2688,0.54,0.65,0.87
48333,2689,0.43,0.56,0.86
48335,2690,0.43,0.56,0.87
48337,2691,0.5,0.69,0.87
48339,2692,0.53,0.59,0.77
48341,2693,0.49,0.6,0.84
48343,2694,0.59,0.65,0.89
48345,2695,0.31,0.55,0.88
48347,2696,0.42,0.51,0.88
48349,2697,0.49,0.71,0.87
48351,2698,0.51,0.66,0.9
48353,2699,0.48,0.55,0.86
48355,2700,0.54,0.56,0.82
48357,2701,0.43,0.52,0.86
48359,2702,0.43,0.49,0.8
48361,2703,0.64,0.74,0.89
48363,2704,0.51,0.68,0.86
48365,2705,0.57,0.66,0.9
48367,2706,0.54,0.62,0.82
48369,2707,0.4,0.59,0.83
48371,2708,0.35,0.53,0.85
48373,2709,0.47,0.69,0.86
48375,2710,0.53,0.59,0.82
48377,2711,0.27,0.32,0.76
48379,2712,0.5,0.7,0.86
48381,2713,0.49,0.58,0.83
48383,2714,0.3,0.49,0.86
48385,2715,0.31,0.42,0.81
48387,2716,0.6,0.68,0.9
48389,2717,0.32,0.44,0.77
48391,2718,0.59,0.64,0.89
48393,2719,0.34,0.48,0.83
48395,2720,0.52,0.63,0.9
48397,2721,0.52,0.6,0.79
48399,2722,0.54,0.59,0.89
48401,2723,0.61,0.66,0.9
48403,2724,0.52,0.62,0.89
48405,2725,0.56,0.65,0.9
48407,2726,0.44,0.68,0.82
48409,2727,0.54,0.56,0.83
48411,2728,0.43,0.59,0.88
48413,2729,0.44,0.51,0.89
48415,2730,0.44,0.58,0.87
48417,2731,0.49,0.57,0.88
48419,2732,0.6,0.68,0.9
48421,2733,0.36,0.52,0.79
48423,2734,0.5,0.62,0.85
48425,2735,0.53,0.63,0.84
48427,2736,0.76,0.79,0.92
48429,2737,0.5,0.65,0.89
48431,2738,0.4,0.49,0.87
48433,2739,0.38,0.57,0.9
48435,2740,0.26,0.48,0.9
48437,2741,0.47,0.64,0.88
48439,2742,0.54,0.58,0.76
48441,2743,0.41,0.45,0.79
48443,2744,0.13,0.26,0.79
48445,2745,0.58,0.65,0.89
48447,2746,0.38,0.55,0.89
48449,2747,0.56,0.66,0.89
48451,2748,0.42,0.49,0.8
48453,2749,0.42,0.47,0.69
48455,2750,0.44,0.67,0.86
48457,2751,0.48,0.73,0.88
48459,2752,0.58,0.64,0.87
48461,2753,0.38,0.48,0.81
48463,2754,0.47,0.64,0.86
48465,2755,0.5,0.52,0.81
48467,2756,0.51,0.71,0.87
48469,2757,0.52,0.61,0.87
48471,2758,0.35,0.59,0.86
48473,2759,0.53,0.58,0.82
48475,2760,0.43,0.52,0.82
48477,2761,0.46,0.71,0.87
48479,2762,0.75,0.77,0.92
48481,2763,0.56,0.74,0.9
48483,2764,0.41,0.57,0.87
48485,2765,0.49,0.52,0.79
48487,2766,0.54,0.57,0.87
48489,2767,0.67,0.7,0.86
48491,2768,0.43,0.49,0.7
48493,2769,0.57,0.63,0.84
48495,2770,0.4,0.51,0.81
48497,2771,0.53,0.64,0.84
48499,2772,0.49,0.62,0.85
48501,2773,0.45,0.61,0.88
48503,2774,0.46,0.65,0.88
48505,2775,0.64,0.78,0.93
48507,2776,0.53,0.66,0.85
49001,2777,0.44,0.53,0.87
49003,2778,0.37,0.7,0.85
49005,2779,0.39,0.57,0.78
49007,2780,0.46,0.65,0.84
49009,2781,0.15,0.36,0.78
49011,2782,0.57,0.67,0.76
49013,2783,0.51,0.67,0.85
49015,2784,0.46,0.57,0.86
49017,2785,0.31,0.36,0.85
49019,2786,0.3,0.38,0.69
49021,2787,0.36,0.39,0.83
49023,2788,0.31,0.71,0.89
49025,2789,0.25,0.41,0.76
49027,2790,0.4,0.47,0.88
49029,2791,0.62,0.7,0.81
49031,2792,0.27,0.5,0.86
49033,2793,0.44,0.63,0.85
49035,2794,0.59,0.63,0.73
49037,2795,0.24,0.3,0.81
49039,2796,0.34,0.63,0.86
49041,2797,0.44,0.59,0.89
49043,2798,0.2,0.43,0.53
49045,2799,0.33,0.66,0.82
49047,2800,0.49,0.52,0.82
49049,2801,0.55,0.61,0.75
49051,2802,0.53,0.59,0.73
49053,2803,0.36,0.37,0.81
49055,2804,0.25,0.38,0.83
49057,2805,0.63,0.7,0.78
50001,2806,0.48,0.53,0.77
50003,2807,0.53,0.62,0.81
50005,2808,0.59,0.64,0.83
50007,2809,0.44,0.47,0.78
50009,2810,0.49,0.65,0.83
50011,2811,0.68,0.72,0.85
50013,2812,0.59,0.66,0.82
50015,2813,0.54,0.58,0.8
50017,2814,0.59,0.66,0.82
50019,2815,0.62,0.66,0.83
50021,2816,0.52,0.65,0.83
50023,2817,0.53,0.57,0.79
50025,2818,0.47,0.59,0.79
50027,2819,0.5,0.6,0.78
51001,2820,0.52,0.68,0.87
51003,2821,0.45,0.57,0.84
51005,2822,0.71,0.78,0.94
51007,2823,0.67,0.74,0.91
51009,2824,0.64,0.72,0.91
51011,2825,0.68,0.77,0.93
51013,2826,0.35,0.39,0.71
51015,2827,0.63,0.7,0.91
51017,2828,0.62,0.73,0.91
51019,2829,0.61,0.67,0.89
51021,2830,0.67,0.76,0.94
51023,2831,0.63,0.68,0.9
51025,2832,0.61,0.76,0.93
51027,2833,0.73,0.8,0.95
51029,2834,0.6,0.74,0.92
51031,2835,0.65,0.75,0.91
51033,2836,0.57,0.69,0.87
51035,2837,0.7,0.76,0.93
51036,2838,0.72,0.77,0.91
51037,2839,0.59,0.74,0.93
51041,2840,0.54,0.62,0.86
51043,2841,0.55,0.64,0.84
51045,2842,0.72,0.77,0.93
51047,2843,0.61,0.7,0.88
51049,2844,0.55,0.7,0.89
51051,2845,0.76,0.81,0.95
51053,2846,0.7,0.76,0.91
51057,2847,0.66,0.8,0.91
51059,2848,0.47,0.52,0.76
51061,2849,0.55,0.63,0.83
51063,2850,0.67,0.72,0.9
51065,2851,0.52,0.63,0.87
51067,2852,0.65,0.71,0.92
51069,2853,0.54,0.66,0.86
51071,2854,0.71,0.77,0.93
51073,2855,0.58,0.64,0.84
51075,2856,0.57,0.66,0.87
51077,2857,0.66,0.76,0.93
51079,2858,0.54,0.65,0.86
51081,2859,0.6,0.77,0.93
51083,2860,0.64,0.76,0.93
51085,2861,0.58,0.7,0.88
51087,2862,0.55,0.64,0.87
51089,2863,0.69,0.75,0.93
51091,2864,0.59,0.68,0.9
51093,2865,0.58,0.62,0.84
51095,2866,0.42,0.47,0.79
51097,2867,0.64,0.74,0.89
51099,2868,0.54,0.63,0.82
51101,2869,0.63,0.74,0.89
51103,2870,0.53,0.73,0.88
51105,2871,0.71,0.78,0.94
51107,2872,0.47,0.52,0.77
51109,2873,0.5,0.67,0.88
51111,2874,0.57,0.73,0.92
51113,2875,0.61,0.71,0.89
51115,2876,0.57,0.67,0.86
51117,2877,0.53,0.72,0.92
51119,2878,0.53,0.68,0.87
51121,2879,0.39,0.43,0.87
51125,2880,0.59,0.68,0.88
51127,2881,0.6,0.69,0.87
51131,2882,0.57,0.66,0.88
51133,2883,0.5,0.74,0.89
51135,2884,0.64,0.72,0.91
51137,2885,0.53,0.66,0.87
51139,2886,0.72,0.79,0.93
51141,2887,0.72,0.77,0.93
51143,2888,0.68,0.76,0.93
51145,2889,0.63,0.7,0.89
51147,2890,0.42,0.63,0.91
51149,2891,0.29,0.33,0.62
51153,2892,0.48,0.54,0.77
51155,2893,0.7,0.76,0.93
51157,2894,0.55,0.66,0.85
51159,2895,0.64,0.8,0.91
51161,2896,0.57,0.64,0.89
51163,2897,0.43,0.5,0.83
51165,2898,0.63,0.7,0.91
51167,2899,0.76,0.8,0.95
51169,2900,0.78,0.81,0.94
51171,2901,0.61,0.72,0.89
51173,2902,0.72,0.79,0.94
51175,2903,0.59,0.7,0.89
51177,2904,0.51,0.62,0.83
51179,2905,0.44,0.52,0.76
51181,2906,0.63,0.68,0.87
51183,2907,0.66,0.75,0.91
51185,2908,0.66,0.76,0.94
51187,2909,0.6,0.7,0.88
51191,2910,0.65,0.71,0.92
51193,2911,0.56,0.73,0.88
51195,2912,0.73,0.77,0.94
51197,2913,0.65,0.73,0.92
51199,2914,0.42,0.47,0.71
51510,2915,0.39,0.43,0.7
51520,2916,0.67,0.7,0.91
51530,2917,0.57,0.64,0.8
51540,2918,0.36,0.52,0.83
51550,2919,0.54,0.58,0.8
51570,2920,0.61,0.68,0.87
51580,2921,NA,NA,NA
51590,2922,0.66,0.73,0.93
51595,2923,NA,NA,NA
51600,2924,NA,NA,NA
51610,2925,0.45,0.5,0.75
51620,2926,0.66,0.74,0.91
51630,2927,0.45,0.6,0.84
51640,2928,0.67,0.76,0.92
51650,2929,0.49,0.54,0.78
51660,2930,0.39,0.52,0.89
51670,2931,0.65,0.71,0.88
51678,2932,NA,NA,NA
51680,2933,0.49,0.57,0.86
51683,2934,0.56,0.62,0.82
51685,2935,NA,NA,NA
51690,2936,NA,NA,NA
51700,2937,0.51,0.55,0.79
51710,2938,0.51,0.55,0.79
51720,2939,0.74,0.78,0.95
51730,2940,0.67,0.73,0.91
51735,2941,0.54,0.59,0.8
51740,2942,0.64,0.67,0.84
51750,2943,0.38,0.46,0.91
51760,2944,0.49,0.64,0.87
51770,2945,0.61,0.66,0.9
51775,2946,0.57,0.62,0.89
51790,2947,0.58,0.67,0.89
51800,2948,0.61,0.64,0.84
51810,2949,0.46,0.49,0.74
51820,2950,0.62,0.71,0.9
51830,2951,0.4,0.44,0.8
51840,2952,0.51,0.63,0.86
53001,2953,0.49,0.61,0.78
53003,2954,0.52,0.63,0.82
53005,2955,0.48,0.56,0.76
53007,2956,0.46,0.65,0.77
53009,2957,0.43,0.5,0.71
53011,2958,0.54,0.6,0.72
53013,2959,0.4,0.57,0.8
53015,2960,0.6,0.7,0.79
53017,2961,0.5,0.57,0.79
53019,2962,0.3,0.54,0.78
53021,2963,0.52,0.62,0.78
53023,2964,0.45,0.59,0.8
53025,2965,0.45,0.58,0.78
53027,2966,0.53,0.66,0.79
53029,2967,0.34,0.45,0.51
53031,2968,0.38,0.54,0.65
53033,2969,0.52,0.55,0.62
53035,2970,0.49,0.53,0.6
53037,2971,0.3,0.61,0.79
53039,2972,0.33,0.53,0.74
53041,2973,0.54,0.68,0.77
53043,2974,0.42,0.54,0.77
53045,2975,0.49,0.65,0.74
53047,2976,0.41,0.52,0.79
53049,2977,0.38,0.57,0.75
53051,2978,0.29,0.53,0.74
53053,2979,0.54,0.58,0.65
53055,2980,0.32,0.52,0.65
53057,2981,0.55,0.63,0.73
53059,2982,0.44,0.6,0.73
53061,2983,0.57,0.64,0.71
53063,2984,0.49,0.52,0.73
53065,2985,0.28,0.54,0.75
53067,2986,0.45,0.57,0.65
53069,2987,0.43,0.6,0.75
53071,2988,0.47,0.5,0.74
53073,2989,0.43,0.59,0.72
53075,2990,0.3,0.34,0.75
53077,2991,0.54,0.68,0.8
54001,2992,0.64,0.72,0.92
54003,2993,0.61,0.7,0.88
54005,2994,0.76,0.81,0.95
54007,2995,0.64,0.76,0.93
54009,2996,0.66,0.74,0.91
54011,2997,0.63,0.69,0.91
54013,2998,0.68,0.77,0.93
54015,2999,0.71,0.8,0.94
54017,3e3,0.69,0.75,0.91
54019,3001,0.66,0.73,0.92
54021,3002,0.5,0.68,0.91
54023,3003,0.68,0.81,0.94
54025,3004,0.57,0.67,0.9
54027,3005,0.68,0.76,0.91
54029,3006,0.68,0.74,0.9
54031,3007,0.67,0.79,0.93
54033,3008,0.68,0.75,0.91
54035,3009,0.61,0.67,0.9
54037,3010,0.58,0.67,0.86
54039,3011,0.65,0.71,0.91
54041,3012,0.69,0.79,0.93
54043,3013,0.79,0.83,0.95
54045,3014,0.78,0.81,0.95
54047,3015,0.69,0.76,0.95
54049,3016,0.65,0.72,0.92
54051,3017,0.71,0.77,0.92
54053,3018,0.74,0.8,0.94
54055,3019,0.59,0.69,0.92
54057,3020,0.68,0.77,0.92
54059,3021,0.75,0.81,0.96
54061,3022,0.4,0.5,0.89
54063,3023,0.67,0.76,0.93
54065,3024,0.66,0.76,0.91
54067,3025,0.65,0.74,0.93
54069,3026,0.66,0.71,0.9
54071,3027,0.62,0.76,0.93
54073,3028,0.7,0.8,0.93
54075,3029,0.55,0.68,0.9
54077,3030,0.72,0.78,0.93
54079,3031,0.66,0.72,0.91
54081,3032,0.66,0.71,0.92
54083,3033,0.63,0.73,0.92
54085,3034,0.69,0.77,0.92
54087,3035,0.67,0.77,0.93
54089,3036,0.64,0.72,0.92
54091,3037,0.71,0.76,0.93
54093,3038,0.68,0.75,0.92
54095,3039,0.69,0.76,0.92
54097,3040,0.59,0.7,0.92
54099,3041,0.71,0.78,0.93
54101,3042,0.63,0.78,0.94
54103,3043,0.67,0.77,0.92
54105,3044,0.71,0.79,0.93
54107,3045,0.63,0.75,0.91
54109,3046,0.75,0.82,0.96
55001,3047,0.47,0.65,0.85
55003,3048,0.43,0.5,0.83
55005,3049,0.55,0.69,0.86
55007,3050,0.45,0.53,0.83
55009,3051,0.56,0.62,0.85
55011,3052,0.6,0.72,0.89
55013,3053,0.48,0.69,0.84
55015,3054,0.67,0.78,0.89
55017,3055,0.59,0.71,0.88
55019,3056,0.6,0.69,0.88
55021,3057,0.58,0.73,0.86
55023,3058,0.57,0.69,0.88
55025,3059,0.43,0.55,0.78
55027,3060,0.62,0.75,0.87
55029,3061,0.42,0.55,0.82
55031,3062,0.39,0.59,0.84
55033,3063,0.46,0.64,0.88
55035,3064,0.44,0.59,0.86
55037,3065,0.45,0.61,0.84
55039,3066,0.57,0.73,0.86
55041,3067,0.49,0.66,0.87
55043,3068,0.47,0.65,0.9
55045,3069,0.65,0.73,0.88
55047,3070,0.56,0.73,0.86
55049,3071,0.64,0.73,0.88
55051,3072,0.46,0.52,0.84
55053,3073,0.58,0.66,0.87
55055,3074,0.59,0.72,0.85
55057,3075,0.55,0.67,0.87
55059,3076,0.62,0.7,0.83
55061,3077,0.62,0.71,0.89
55063,3078,0.46,0.55,0.86
55065,3079,0.65,0.76,0.9
55067,3080,0.54,0.65,0.86
55069,3081,0.56,0.64,0.87
55071,3082,0.6,0.73,0.87
55073,3083,0.56,0.64,0.86
55075,3084,0.5,0.66,0.85
55077,3085,0.51,0.69,0.86
55078,3086,0.76,0.8,0.91
55079,3087,0.61,0.71,0.82
55081,3088,0.55,0.64,0.84
55083,3089,0.62,0.71,0.88
55085,3090,0.44,0.52,0.82
55087,3091,0.57,0.64,0.85
55089,3092,0.53,0.64,0.82
55091,3093,0.62,0.76,0.89
55093,3094,0.5,0.69,0.87
55095,3095,0.6,0.73,0.87
55097,3096,0.48,0.64,0.87
55099,3097,0.38,0.54,0.84
55101,3098,0.63,0.72,0.84
55103,3099,0.59,0.72,0.89
55105,3100,0.63,0.73,0.86
55107,3101,0.48,0.63,0.85
55109,3102,0.57,0.7,0.86
55111,3103,0.57,0.68,0.86
55113,3104,0.44,0.55,0.83
55115,3105,0.68,0.73,0.88
55117,3106,0.54,0.7,0.85
55119,3107,0.57,0.7,0.88
55121,3108,0.61,0.71,0.88
55123,3109,0.58,0.69,0.87
55125,3110,0.39,0.46,0.82
55127,3111,0.4,0.71,0.85
55129,3112,0.43,0.56,0.83
55131,3113,0.63,0.74,0.86
55133,3114,0.58,0.69,0.83
55135,3115,0.66,0.71,0.88
55137,3116,0.56,0.68,0.85
55139,3117,0.55,0.71,0.86
55141,3118,0.56,0.67,0.87
56001,3119,0.23,0.32,0.65
56003,3120,0.34,0.48,0.72
56005,3121,0.4,0.46,0.72
56007,3122,0.3,0.36,0.66
56009,3123,0.27,0.45,0.71
56011,3124,0.22,0.44,0.71
56013,3125,0.43,0.48,0.71
56015,3126,0.38,0.48,0.74
56017,3127,0.37,0.46,0.7
56019,3128,0.27,0.44,0.68
56021,3129,0.35,0.44,0.63
56023,3130,0.3,0.4,0.74
56025,3131,0.42,0.47,0.7
56027,3132,0.23,0.38,0.74
56029,3133,0.32,0.37,0.65
56031,3134,0.3,0.42,0.7
56033,3135,0.34,0.41,0.7
56035,3136,0.24,0.35,0.65
56037,3137,0.43,0.46,0.74
56039,3138,0.24,0.25,0.41
56041,3139,0.38,0.58,0.77
56043,3140,0.38,0.45,0.72
56045,3141,0.33,0.49,0.75
