54571	604.388	AL
182265	2027.311	AL
27457	904.515	AL
22915	626.169	AL
57322	650.628	AL
10914	625.143	AL
20947	777.882	AL
118572	612.287	AL
34215	603.113	AL
25989	599.978	AL
43643	700.802	AL
13859	920.859	AL
25833	1252.574	AL
13932	606.001	AL
14972	561.013	AL
49948	680.495	AL
54428	622.129	AL
13228	852.722	AL
11539	666.349	AL
37765	1043.787	AL
13906	610.916	AL
80406	755.021	AL
50251	562.701	AL
43820	993.805	AL
71109	778.685	AL
79303	657.042	AL
38319	953.139	AL
104430	548.629	AL
17241	629.356	AL
31704	646.523	AL
26790	578.951	AL
9045	659.941	AL
15760	656.501	AL
17302	568.309	AL
101547	581.654	AL
53227	1126.771	AL
658466	1123.814	AL
14564	605.464	AL
92709	720.99	AL
34339	717.199	AL
140247	615.849	AL
82782	607.188	AL
11299	725.071	AL
21452	613.207	AL
334811	812.702	AL
21027	982.671	AL
30776	743.571	AL
93019	623.179	AL
412992	1644.012	AL
23068	1034.418	AL
229363	799.912	AL
119490	599.053	AL
10591	723.88	AL
19746	890.125	AL
32899	673.006	AL
22913	584.135	AL
52947	647.192	AL
83593	653.64	AL
195085	809.525	AL
13763	913.322	AL
82291	760.306	AL
41616	766.254	AL
194656	1351.252	AL
67023	805.194	AL
17581	1088.566	AL
11670	907.411	AL
24484	631.868	AL
3141	15009.86	AK
5561	14116.438	AK
291826	1961.001	AK
17013	45504.205	AK
997	887.563	AK
1826	12776.92	AK
4847	20915.207	AK
97581	7443.688	AK
2508	2725.503	AK
2150	10914.153	AK
31275	3253.893	AK
55400	24752.317	AK
13477	6653.563	AK
13592	12021.829	AK
7459	19672.951	AK
1631	32922.499	AK
88995	25257.607	AK
9492	28277.62	AK
9430	94796.283	AK
7523	40748.935	AK
3815	5684.066	AK
5559	7683.284	AK
8881	4811.431	AK
968	464.036	AK
7029	25059.464	AK
9636	40340.175	AK
2369	3462.057	AK
662	9462.867	AK
5588	147804.631	AK
71518	11218.438	AZ
131346	6218.596	AZ
134421	18661.342	AZ
53597	4795.428	AZ
37220	4641.066	AZ
8437	1848.433	AZ
20489	4513.753	AZ
3817117	9224.389	AZ
200186	13460.649	AZ
107449	9959.719	AZ
980263	9189.097	AZ
375770	5374.234	AZ
47420	1238.108	AZ
211033	8127.94	AZ
195751	5519.109	AZ
19019	1033.749	AR
21853	940.527	AR
41513	586.715	AR
221339	883.906	AR
36903	601.831	AR
11508	652.917	AR
5368	632.414	AR
27446	638.8	AR
11800	690.787	AR
22995	882.829	AR
16083	641.436	AR
25970	591.922	AR
8689	598.748	AR
24552	766.753	AR
21273	566.668	AR
96443	712.674	AR
61948	604.242	AR
50902	636.377	AR
17870	622.307	AR
8116	668.106	AR
13008	819.526	AR
18509	835.661	AR
113237	664.072	AR
18125	619.642	AR
12245	620.328	AR
96024	734.621	AR
17853	632.93	AR
42090	579.563	AR
22609	741.177	AR
32923	622.172	AR
13789	595.314	AR
36647	771.518	AR
13696	584.018	AR
17997	641.501	AR
77435	913.776	AR
25540	682.744	AR
7645	545.079	AR
17415	592.342	AR
10424	619.502	AR
14134	572.185	AR
13171	564.766	AR
22353	731.56	AR
68356	802.84	AR
15717	837.08	AR
16653	640.32	AR
43462	637.649	AR
46480	919.812	AR
8149	621.298	AR
9487	800.289	AR
8997	620.639	AR
8330	823.186	AR
26120	739.752	AR
10445	560.533	AR
21757	727.345	AR
11291	614.13	AR
24583	763.61	AR
20662	862.462	AR
61754	830.775	AR
8715	675.614	AR
382748	807.663	AR
17969	656.04	AR
28258	642.512	AR
107118	730.49	AR
11233	898.073	AR
8195	668.511	AR
125744	546.16	AR
17058	581.277	AR
17264	606.436	AR
12394	609.432	AR
41639	1055.199	AR
17295	724.284	AR
203065	952.409	AR
77076	1042.145	AR
7260	594.014	AR
22185	948.857	AR
1510271	821.328	CA
1175	743.18	CA
38091	605.956	CA
220000	1677.131	CA
45578	1036.927	CA
21419	1156.361	CA
1049025	803.77	CA
28610	1229.743	CA
181058	1786.356	CA
930450	6011.202	CA
28122	1326.978	CA
134623	4052.258	CA
174528	4481.719	CA
18546	10226.905	CA
839631	8162.641	CA
152982	1391.531	CA
64665	1329.423	CA
34895	4720.119	CA
9818605	4750.942	CA
150865	2153.269	CA
252409	828.192	CA
18251	1462.82	CA
87841	3878.141	CA
255793	1978.509	CA
9686	4203.399	CA
14202	3131.876	CA
415057	3771.221	CA
136484	788.582	CA
98764	973.801	CA
3010232	948.066	CA
348432	1502.456	CA
20007	2613.428	CA
2189641	7303.42	CA
1418788	994.018	CA
55269	1390.469	CA
2035210	20104.826	CA
3095313	4525.685	CA
805235	231.889	CA
685306	1426.499	CA
269637	3615.547	CA
718451	740.959	CA
423895	3789.078	CA
1781642	1304.067	CA
262382	607.166	CA
177223	3847.422	CA
3240	962.21	CA
44900	6347.343	CA
413344	906.192	CA
483878	1767.947	CA
514453	1514.687	CA
94737	608.49	CA
63463	2962.171	CA
13786	3207.597	CA
442179	4838.652	CA
55365	2274.43	CA
823318	2208.382	CA
200849	1023.557	CA
72155	643.808	CA
441603	1183.896	CO
15445	723.341	CO
572003	805.437	CO
12084	1355.514	CO
3788	2557.339	CO
6499	1541.083	CO
294567	740.37	CO
55889	33.6	CO
17809	1014.953	CO
1836	1781.429	CO
9088	396.493	CO
8256	1290.957	CO
3524	1230.361	CO
5823	800.329	CO
4255	739.924	CO
30952	1148.599	CO
600158	154.631	CO
2064	1068.1	CO
285465	842.869	CO
52197	1691.791	CO
23086	1851.018	CO
622263	2129.547	CO
46824	1533.931	CO
56389	2955.837	CO
5441	150.26	CO
14843	1869.593	CO
15324	3259.63	CO
843	1123.168	CO
6711	1593.237	CO
1394	1620.962	CO
534543	774.033	CO
1398	1785.927	CO
8270	2161.691	CO
7310	383.909	CO
51334	1699.707	CO
299630	2633.954	CO
15507	4775.348	CO
5467	2586.422	CO
22709	1844.865	CO
146723	3341.123	CO
712	877.682	CO
13795	4750.912	CO
25535	2040.151	CO
41276	2242.596	CO
28159	1293.743	CO
18831	1269.703	CO
4436	542.211	CO
16206	2210.653	CO
4442	688.045	CO
17148	973.195	CO
12551	1644.323	CO
159063	2397.795	CO
6666	3222.814	CO
11982	912.338	CO
23509	2368.136	CO
6108	3170.245	CO
699	388.274	CO
7359	1288.624	CO
2379	549.404	CO
27994	619.278	CO
23350	558.964	CO
4814	2523.903	CO
252825	4016.796	CO
10043	2368.704	CO
916829	836.923	CT
894014	750.624	CT
189927	944.562	CT
165676	439.063	CT
862477	862.057	CT
274055	771.699	CT
152691	417.047	CT
118428	521.44	CT
162310	798.331	DE
538479	494.003	DE
197145	1196.391	DE
601723	68.34	DC
247336	968.808	FL
27115	588.971	FL
168852	1033.153	FL
28520	300.489	FL
543376	1556.995	FL
1748066	1322.862	FL
14625	574.313	FL
159978	858.301	FL
141236	773.294	FL
190865	643.548	FL
321520	2305.015	FL
67531	801.328	FL
34862	639.482	FL
16422	863.65	FL
864263	918.452	FL
297619	874.704	FL
95696	570.825	FL
11549	1026.494	FL
46389	528.528	FL
16939	355.239	FL
12884	986.848	FL
15863	755.561	FL
14799	519.056	FL
27731	638.339	FL
39140	1189.996	FL
172778	589.022	FL
98786	1106.035	FL
1229226	1265.765	FL
19927	489.047	FL
138028	617.006	FL
49746	954.564	FL
14761	636.535	FL
8870	547.908	FL
297052	1156.964	FL
618754	1212.461	FL
275487	701.789	FL
40801	1412.795	FL
8365	843.123	FL
19224	715.683	FL
322833	892.679	FL
331298	1662.61	FL
146318	752.829	FL
2496435	2431.183	FL
73090	3737.524	FL
73314	725.921	FL
180822	1082.078	FL
39996	891.907	FL
1145956	1003.26	FL
268685	1505.906	FL
1320134	2383.009	FL
464697	868.454	FL
916542	608.127	FL
602095	2010.551	FL
74364	826.921	FL
190039	821.525	FL
277789	688.107	FL
151372	1173.778	FL
379448	725.344	FL
422718	345.294	FL
93420	579.826	FL
41551	692.256	FL
22570	1232.201	FL
15535	249.753	FL
494593	1432.436	FL
30776	735.726	FL
55043	1239.595	FL
24896	615.954	FL
18236	512.261	GA
8375	344.534	GA
11096	285.823	GA
3451	349.139	GA
45720	267.411	GA
18395	233.887	GA
69367	162.941	GA
100157	470.113	GA
17634	253.908	GA
19286	457.883	GA
155547	255.366	GA
13063	219.132	GA
18411	447.202	GA
16243	497.801	GA
30233	454.456	GA
70217	688.625	GA
23316	834.983	GA
23655	188.041	GA
6694	283.578	GA
50513	781.865	GA
10998	248.858	GA
110527	503.836	GA
63942	162.46	GA
12171	782.374	GA
265128	632.263	GA
11267	251.166	GA
26015	313.558	GA
214346	434.406	GA
116714	121.035	GA
3183	217.234	GA
259424	144.332	GA
6798	823.993	GA
688078	344.518	GA
42356	602.65	GA
45498	556.639	GA
124053	307.605	GA
17212	233.203	GA
127317	445.817	GA
12630	326.453	GA
23439	280.951	GA
16633	174.16	GA
22330	214.409	GA
27842	623.168	GA
691893	271.142	GA
21796	503.114	GA
14918	397.284	GA
94565	334.633	GA
132403	201.026	GA
11008	516.346	GA
4034	420.719	GA
52250	482.931	GA
20166	374.216	GA
22598	690.182	GA
11000	186.87	GA
23682	391.96	GA
106567	199.321	GA
96317	518.466	GA
175511	247.166	GA
22084	266.452	GA
920581	534.325	GA
28292	431.246	GA
3082	144.453	GA
79626	585.248	GA
55186	358.043	GA
25011	460.264	GA
15994	406.21	GA
805321	436.775	GA
43041	279.026	GA
179684	429.295	GA
9429	478.681	GA
28780	283.175	GA
32024	472.956	GA
25213	256.948	GA
11834	301.094	GA
203922	326.547	GA
139900	379.921	GA
9538	362.763	GA
60485	343.099	GA
13900	373.465	GA
15068	335.398	GA
16930	529.667	GA
8340	352.473	GA
9980	306.592	GA
28669	395.417	GA
18317	185.834	GA
10078	199.788	GA
48434	818.471	GA
28298	361.733	GA
63453	602.527	GA
7996	257.298	GA
14464	403.813	GA
109233	510.575	GA
29966	284.197	GA
21875	266.388	GA
14333	573.893	GA
14740	405.992	GA
28120	285.588	GA
8742	367.48	GA
21992	505.406	GA
6125	283.663	GA
23498	513.824	GA
26424	397.811	GA
9123	244.692	GA
17868	354.62	GA
39628	346.662	GA
189885	221.006	GA
99958	279.198	GA
32808	186.372	GA
14899	442.039	GA
142324	314.342	GA
27695	151.3	GA
29431	232.712	GA
18758	343.23	GA
17869	219.405	GA
41475	312.14	GA
12010	251.207	GA
21218	360.687	GA
2513	160.565	GA
16276	376.883	GA
7719	430.873	GA
200549	328.591	GA
85215	132.098	GA
5010	167.824	GA
14593	655.869	GA
8729	256.556	GA
64073	199.591	GA
26175	184.197	GA
6058	463.612	GA
32819	492.654	GA
6865	394.762	GA
1717	195.348	GA
25520	488.349	GA
8906	379.699	GA
16500	444.008	GA
9315	337.703	GA
44720	552.219	GA
40118	268.79	GA
27223	370.993	GA
10471	171.983	GA
6885	202.45	GA
67044	445.962	GA
8930	289.98	GA
9023	362.634	GA
21356	329.004	GA
27153	327.554	GA
68756	447.025	GA
83768	330.0	GA
36312	907.988	GA
5834	286.688	GA
21187	684.356	GA
30099	648.796	GA
2799	210.263	GA
7421	300.268	GA
27144	242.207	GA
102599	291.055	GA
9255	382.124	GA
10593	474.094	GA
9563	451.95	GA
21679	574.755	GA
185079	5086.133	HI
953207	2128.071	HI
90	52.829	HI
67091	1266.359	HI
154834	2398.329	HI
392365	1060.462	ID
3976	1369.771	ID
82839	1147.432	ID
5986	1049.408	ID
9285	783.948	ID
45607	2120.406	ID
21376	2660.706	ID
7028	1906.686	ID
40877	1919.499	ID
104234	1900.636	ID
10972	1277.858	ID
2891	2233.697	ID
1117	1078.947	ID
188923	603.548	ID
6963	1798.575	ID
22952	2580.282	ID
982	1765.141	ID
8761	2487.986	ID
4368	4937.306	ID
27038	3100.755	ID
12786	668.344	ID
13242	1895.684	ID
16719	565.705	ID
15464	733.718	ID
16267	8503.35	ID
26140	1105.574	ID
22374	602.152	ID
138494	1315.623	ID
37244	1076.912	ID
7936	4568.752	ID
3821	479.739	ID
5208	1205.887	ID
37536	473.226	ID
20069	762.927	ID
39265	856.282	ID
4286	1201.604	ID
11526	7696.982	ID
22623	410.275	ID
7817	1442.666	ID
12765	2635.123	ID
10170	450.56	ID
77230	1928.324	ID
9862	3732.961	ID
10198	1473.528	ID
67103	871.338	IL
8238	252.601	IL
17768	382.76	IL
54165	282.024	IL
6937	307.205	IL
34978	873.503	IL
5089	283.577	IL
15387	466.36	IL
13642	383.765	IL
201081	998.393	IL
34800	715.64	IL
16335	504.818	IL
13815	469.592	IL
37762	503.271	IL
53873	510.077	IL
5194675	1634.859	IL
19817	445.818	IL
11048	347.003	IL
105160	634.66	IL
16561	405.084	IL
19980	417.224	IL
916924	336.412	IL
18576	623.996	IL
6721	222.721	IL
34242	480.006	IL
22140	725.343	IL
14081	486.242	IL
39561	431.444	IL
37069	882.574	IL
5589	328.182	IL
13886	546.272	IL
50063	430.447	IL
8457	435.891	IL
19104	814.396	IL
4320	181.579	IL
7331	395.22	IL
50486	825.643	IL
29718	1118.927	IL
60218	602.379	IL
9698	498.12	IL
38827	583.784	IL
22985	377.128	IL
22678	618.728	IL
12582	348.864	IL
515269	524.201	IL
113449	681.364	IL
114736	322.32	IL
52919	719.812	IL
703462	1368.479	IL
113924	1148.136	IL
16833	374.139	IL
36031	728.953	IL
38950	1045.927	IL
30305	618.927	IL
32612	590.184	IL
308760	610.813	IL
169572	1186.27	IL
110768	585.865	IL
47765	867.65	IL
269282	740.562	IL
39437	576.036	IL
12640	398.514	IL
14666	563.464	IL
15429	241.814	IL
12705	315.457	IL
16434	568.694	IL
32957	398.036	IL
30104	709.677	IL
35547	572.297	IL
14846	344.477	IL
53497	762.985	IL
186494	630.599	IL
22350	446.953	IL
16729	439.462	IL
16430	848.884	IL
4470	374.302	IL
6161	203.229	IL
6006	172.224	IL
33476	597.205	IL
16233	361.896	IL
147546	451.288	IL
270056	674.033	IL
24913	386.78	IL
197465	877.019	IL
7544	441.332	IL
5355	252.771	IL
22363	768.07	IL
5994	288.353	IL
47711	565.058	IL
135394	657.936	IL
17808	422.148	IL
81625	901.277	IL
11947	227.506	IL
17707	543.051	IL
14716	563.906	IL
16760	715.486	IL
14665	501.861	IL
58498	696.527	IL
677560	849.226	IL
66357	444.352	IL
295266	519.25	IL
38664	542.642	IL
34387	339.966	IN
355329	660.022	IN
76794	409.525	IN
8854	406.509	IN
12766	165.583	IN
56640	423.252	IN
15242	316.631	IN
20155	375.019	IN
38966	414.848	IN
110232	376.451	IN
26890	360.322	IN
33224	405.248	IN
10713	308.719	IN
31648	436.874	IN
50047	307.416	IN
25740	373.323	IN
42223	363.85	IN
117671	395.909	IN
41889	435.333	IN
197559	467.97	IN
24277	215.162	IN
74578	148.958	IN
17240	397.88	IN
23087	391.05	IN
20836	371.265	IN
33503	499.165	IN
70061	414.898	IN
33165	545.918	IN
274569	402.437	IN
70002	307.025	IN
39364	486.521	IN
145448	408.777	IN
49462	394.832	IN
82752	293.922	IN
37124	387.722	IN
42376	513.913	IN
33478	561.386	IN
21253	384.082	IN
32428	362.889	IN
28525	378.345	IN
139654	321.79	IN
38440	524.045	IN
77358	554.393	IN
37128	386.702	IN
496005	626.56	IN
111467	613.259	IN
46134	451.929	IN
131636	452.904	IN
903393	403.008	IN
47051	449.743	IN
10334	340.406	IN
36903	377.388	IN
137974	411.321	IN
38124	505.445	IN
68894	409.427	IN
14244	403.438	IN
47536	417.433	IN
6128	87.434	IN
19840	408.192	IN
21575	387.825	IN
17339	449.979	IN
19338	386.29	IN
12845	341.094	IN
164343	521.781	IN
25910	419.325	IN
13402	434.534	IN
37963	482.692	IN
26171	453.314	IN
28818	448.062	IN
17392	408.461	IN
266931	461.385	IN
24181	192.748	IN
44436	412.756	IN
20952	401.426	IN
23363	312.206	IN
34185	322.466	IN
21475	454.116	IN
10613	223.439	IN
172780	503.243	IN
15936	260.567	IN
7516	165.177	IN
179703	236.33	IN
16212	259.93	IN
107848	410.451	IN
32888	420.975	IN
8508	366.405	IN
59689	391.053	IN
28262	516.599	IN
68917	404.341	IN
27636	370.248	IN
24643	508.68	IN
33292	337.914	IN
7682	570.274	IA
4029	425.506	IA
14330	658.771	IA
12887	516.243	IA
6119	443.406	IA
26076	718.489	IA
131090	572.68	IA
26306	573.64	IA
24276	439.404	IA
20958	573.116	IA
20260	580.227	IA
14867	581.756	IA
9670	572.115	IA
20816	570.265	IA
13956	564.948	IA
18499	581.902	IA
44151	575.119	IA
12072	577.069	IA
12439	505.658	IA
9286	431.756	IA
16667	572.592	IA
18129	792.665	IA
49116	710.175	IA
17096	715.037	IA
66135	591.699	IA
8753	504.854	IA
8457	533.48	IA
17764	578.946	IA
40325	429.75	IA
16667	403.962	IA
93653	616.633	IA
10302	402.523	IA
20880	731.326	IA
16303	501.382	IA
10680	582.524	IA
7441	516.638	IA
9336	571.215	IA
12453	501.894	IA
10954	593.074	IA
15673	577.51	IA
11341	573.038	IA
17534	569.992	IA
14928	701.643	IA
20145	436.56	IA
9566	473.606	IA
9815	435.667	IA
7089	432.051	IA
16355	587.494	IA
19848	649.607	IA
36842	732.955	IA
16843	436.876	IA
130882	623.15	IA
20638	577.004	IA
10511	579.924	IA
15543	974.324	IA
35862	538.867	IA
211226	724.505	IA
11387	417.518	IA
8898	434.397	IA
11581	587.779	IA
15679	562.158	IA
22381	573.398	IA
33309	570.509	IA
40648	573.197	IA
15059	440.644	IA
10776	469.565	IA
9243	698.934	IA
7970	434.303	IA
10740	425.028	IA
42745	449.129	IA
14398	573.208	IA
6462	399.393	IA
15932	535.467	IA
9421	569.435	IA
24986	863.734	IA
7310	578.657	IA
430640	591.535	IA
93158	959.132	IA
18914	586.067	IA
5131	538.865	IA
10350	578.331	IA
165224	468.211	IA
12167	591.353	IA
33704	768.991	IA
89542	573.649	IA
17767	722.08	IA
6317	534.656	IA
12534	425.798	IA
7570	490.519	IA
35625	436.021	IA
46225	573.35	IA
21704	570.92	IA
6403	527.152	IA
38013	718.429	IA
10866	401.718	IA
21056	690.138	IA
102172	877.774	IA
7598	401.941	IA
13229	582.238	IA
13371	505.325	KS
8102	583.734	KS
16924	433.82	KS
4861	1136.166	KS
27674	900.634	KS
15173	639.092	KS
9984	572.106	KS
65880	1446.527	KS
2790	777.727	KS
3669	644.767	KS
21603	591.023	KS
2726	1020.944	KS
2215	977.182	KS
8535	655.6	KS
9533	717.991	KS
8601	654.094	KS
1891	789.69	KS
36311	1132.426	KS
39134	595.011	KS
2961	894.147	KS
19754	851.95	KS
7945	398.276	KS
110826	474.637	KS
3037	621.975	KS
2882	650.466	KS
28452	900.374	KS
6497	723.287	KS
36776	1302.672	KS
33848	1099.081	KS
25992	577.137	KS
34362	404.485	KS
2695	1071.76	KS
2597	898.753	KS
7829	575.145	KS
6006	869.297	KS
1247	778.45	KS
6689	1152.627	KS
2690	997.629	KS
6034	802.78	KS
34684	540.722	KS
4256	577.873	KS
1916	860.311	KS
13462	658.019	KS
19126	556.677	KS
3077	914.36	KS
544179	479.897	KS
3977	870.981	KS
7858	866.659	KS
2553	722.869	KS
21607	653.118	KS
1750	717.668	KS
76227	468.972	KS
3241	720.457	KS
9656	606.396	KS
2756	1073.1	KS
33690	855.417	KS
29180	900.602	KS
12660	953.73	KS
10117	905.107	KS
4575	979.346	KS
32787	590.256	KS
6373	719.159	KS
35471	651.481	KS
5923	702.889	KS
3233	729.927	KS
10178	719.438	KS
16512	577.794	KS
3107	1075.008	KS
5671	881.298	KS
16295	719.845	KS
3858	894.36	KS
6091	721.336	KS
6973	754.646	KS
5642	894.562	KS
21604	861.911	KS
9656	735.722	KS
2519	1069.576	KS
64511	1272.11	KS
4980	720.447	KS
10083	727.963	KS
71115	621.956	KS
5181	895.152	KS
3307	717.973	KS
6970	899.436	KS
55606	721.31	KS
4936	717.662	KS
498365	1009.121	KS
22952	640.486	KS
177934	555.726	KS
2556	896.207	KS
6010	1056.278	KS
3853	896.965	KS
4437	794.917	KS
2235	680.415	KS
5724	727.473	KS
24132	1184.955	KS
7900	1074.798	KS
3001	899.626	KS
7053	799.62	KS
1485	913.706	KS
5799	898.671	KS
2234	718.592	KS
9409	575.073	KS
3309	505.253	KS
157505	156.193	KS
18656	412.4	KY
19956	351.864	KY
21421	204.27	KY
8249	273.69	KY
42173	499.999	KY
11591	284.004	KY
28691	361.116	KY
118811	256.464	KY
19985	291.592	KY
49542	162.022	KY
28432	182.662	KY
8488	208.947	KY
13878	495.267	KY
20059	585.621	KY
74319	300.265	KY
12690	431.473	KY
12984	348.151	KY
37191	410.696	KY
90336	159.42	KY
5104	198.98	KY
10811	137.315	KY
27720	412.122	KY
15955	445.736	KY
73955	724.042	KY
35613	255.156	KY
21730	471.086	KY
10272	205.418	KY
9315	371.141	KY
6856	310.908	KY
96656	476.574	KY
12161	308.004	KY
7852	235.323	KY
14672	255.61	KY
295803	285.55	KY
14348	351.316	KY
39451	395.706	KY
49285	212.009	KY
6813	230.619	KY
8589	104.718	KY
16912	233.945	KY
24662	260.766	KY
37121	556.788	KY
25746	511.031	KY
11258	288.789	KY
36910	354.45	KY
8565	198.886	KY
105543	630.136	KY
29278	468.151	KY
18846	309.862	KY
18199	417.85	KY
46250	466.28	KY
15416	291.123	KY
4902	253.039	KY
46920	554.415	KY
13494	346.513	KY
741096	397.682	KY
48586	174.501	KY
23356	264.135	KY
159720	164.347	KY
16346	352.852	KY
31883	387.748	KY
14193	263.628	KY
58849	443.695	KY
15860	420.068	KY
7887	211.257	KY
11310	404.447	KY
24519	339.033	KY
13870	495.382	KY
24742	336.576	KY
9519	342.334	KY
26835	557.03	KY
8314	256.528	KY
65565	268.171	KY
18306	430.947	KY
9531	256.233	KY
82916	443.257	KY
13333	309.158	KY
19820	346.858	KY
31448	340.171	KY
12929	230.599	KY
17490	246.413	KY
28602	324.502	KY
6306	205.934	KY
21331	253.311	KY
10099	291.189	KY
10963	332.056	KY
26499	198.857	KY
13923	383.788	KY
31499	479.4	KY
43437	424.076	KY
7135	196.834	KY
23842	596.227	KY
60316	196.434	KY
10841	354.247	KY
4755	198.29	KY
14877	281.918	KY
28712	342.61	KY
65024	788.67	KY
12613	180.121	KY
63063	677.154	KY
2282	100.098	KY
17056	318.096	KY
23333	286.266	KY
17565	282.875	KY
47173	285.433	KY
42074	385.671	KY
17327	236.466	KY
17061	191.657	KY
24512	276.817	KY
12460	377.056	KY
14339	481.329	KY
8809	156.217	KY
15007	363.377	KY
113792	547.564	KY
11717	301.201	KY
20813	484.161	KY
13621	335.655	KY
35637	445.119	KY
7355	222.752	KY
24939	192.036	KY
61773	657.454	LA
25764	765.954	LA
107215	302.786	LA
23421	364.53	LA
42073	865.744	LA
35654	1165.836	LA
14353	822.07	LA
116979	867.22	LA
254969	936.824	LA
192768	1094.274	LA
10132	540.729	LA
6839	1936.669	LA
10407	739.421	LA
17195	767.416	LA
20822	747.302	LA
26656	894.588	LA
440171	470.235	LA
7759	442.432	LA
20267	455.778	LA
33984	679.624	LA
20767	635.438	LA
22309	664.653	LA
73240	1030.528	LA
33387	652.858	LA
16274	580.277	LA
432552	665.423	LA
31594	658.555	LA
221578	269.209	LA
96318	1474.307	LA
14890	662.394	LA
46735	472.475	LA
128026	702.847	LA
12093	650.9	LA
27979	806.084	LA
39566	1298.993	LA
343829	350.212	LA
153720	631.75	LA
23042	2567.198	LA
22802	590.712	LA
131613	1361.657	LA
9091	402.344	LA
20725	564.516	LA
24233	1011.619	LA
35897	2158.072	LA
52780	410.629	LA
11203	409.488	LA
22102	257.959	LA
45924	347.637	LA
83384	938.981	LA
52160	816.49	LA
54650	1119.423	LA
233740	1124.189	LA
121097	823.269	LA
5252	641.19	LA
111860	2082.073	LA
22721	905.403	LA
57999	1542.069	LA
52334	1341.485	LA
47168	675.885	LA
41207	614.84	LA
23788	203.823	LA
11604	360.567	LA
15625	426.003	LA
15313	956.823	LA
107702	497.12	ME
71870	6827.568	ME
281674	1217.463	ME
30768	1743.479	ME
54418	2344.936	ME
122151	951.174	ME
39736	1143.946	ME
34457	699.603	ME
57833	2175.716	ME
153923	3557.081	ME
17535	4377.966	ME
35293	370.04	ME
52228	4093.531	ME
38786	852.756	ME
32856	3257.652	ME
197131	1269.714	ME
75087	429.932	MD
537656	587.801	MD
805029	681.756	MD
88737	345.071	MD
33066	325.902	MD
167134	452.688	MD
101108	417.837	MD
146551	642.968	MD
32618	983.004	MD
233385	667.378	MD
30097	655.738	MD
244826	526.643	MD
287085	253.394	MD
20197	413.445	MD
971777	506.947	MD
863420	498.836	MD
47798	510.692	MD
105151	764.251	MD
26470	610.352	MD
37782	476.805	MD
147430	467.343	MD
98733	400.239	MD
51454	694.859	MD
620961	92.052	MD
215888	1305.537	MA
131219	946.428	MA
548285	691.226	MA
16535	490.961	MA
743159	828.474	MA
71372	724.574	MA
463490	634.251	MA
158080	545.209	MA
1503085	847.06	MA
10172	303.656	MA
670850	444.346	MA
494919	1093.252	MA
722023	120.219	MA
798552	1579.194	MA
10942	1790.582	MI
9601	5047.736	MI
111408	1833.288	MI
29598	1694.922	MI
23580	601.77	MI
15899	680.69	MI
8860	1068.771	MI
59173	577.042	MI
107771	630.717	MI
17525	859.568	MI
156813	1581.472	MI
45248	519.676	MI
136146	718.353	MI
52293	508.317	MI
25949	1390.464	MI
26152	885.383	MI
38520	2698.39	MI
30926	575.339	MI
75382	574.557	MI
14074	563.242	MI
37069	1991.324	MI
26168	777.05	MI
107759	579.433	MI
32694	881.997	MI
425790	649.587	MI
25692	515.93	MI
16427	1476.344	MI
86986	601.315	MI
42476	571.611	MI
46688	607.006	MI
36628	1501.501	MI
33118	2136.802	MI
280895	560.712	MI
63905	580.046	MI
25887	1890.057	MI
11817	1211.21	MI
70311	577.681	MI
160248	723.496	MI
250331	580.297	MI
17153	570.706	MI
602622	871.944	MI
2156	5966.19	MI
11539	574.28	MI
88319	662.845	MI
21708	2532.192	MI
99892	761.409	MI
180967	585.404	MI
6631	1912.487	MI
11113	2100.644	MI
840978	570.85	MI
24733	1280.564	MI
67077	3424.54	MI
28705	1242.442	MI
42798	571.194	MI
24029	1338.212	MI
83629	528.068	MI
14849	573.829	MI
152021	680.019	MI
63342	720.826	MI
9765	562.652	MI
172188	1460.025	MI
48460	861.689	MI
1202362	907.294	MI
26570	1305.95	MI
21699	574.953	MI
6780	3740.819	MI
23528	573.096	MI
8640	571.582	MI
24164	526.189	MI
263801	1631.409	MI
13376	2572.756	MI
24449	580.032	MI
200169	815.966	MI
163040	836.506	MI
61295	521.032	MI
43114	1589.941	MI
8485	1883.979	MI
70648	540.948	MI
55729	913.911	MI
76258	1089.897	MI
344791	722.419	MI
1820584	672.677	MI
32735	575.466	MI
16202	1995.293	MN
330844	446.111	MN
32504	1445.183	MN
44442	3055.756	MN
38451	413.058	MN
5269	528.117	MN
64013	765.593	MN
25893	618.464	MN
35386	875.283	MN
91042	376.112	MN
28567	2414.107	MN
12441	587.777	MN
53887	442.409	MN
58999	1052.648	MN
8695	1029.736	MN
5176	3339.55	MN
11687	648.561	MN
62500	1156.527	MN
398552	586.867	MN
20087	439.585	MN
36009	720.005	MN
14553	721.905	MN
20866	862.09	MN
31255	722.421	MN
46183	780.4	MN
6018	575.482	MN
1152425	606.547	MN
19027	568.837	MN
20428	999.56	MN
37816	451.656	MN
45058	2927.963	MN
10266	719.235	MN
16239	533.682	MN
42239	862.352	MN
4552	1103.604	MN
13311	3154.022	MN
7259	778.011	MN
10866	2990.63	MN
4045	1774.665	MN
27703	473.807	MN
5896	548.433	MN
25857	721.668	MN
36651	505.528	MN
5413	582.912	MN
9439	1812.906	MN
20840	729.576	MN
23300	644.775	MN
26097	681.581	MN
33198	1153.387	MN
39163	711.567	MN
8725	719.502	MN
32727	466.743	MN
21378	722.557	MN
6852	876.73	MN
144248	654.799	MN
57303	2224.538	MN
13930	618.25	MN
29750	1434.558	MN
9596	465.962	MN
31600	1997.785	MN
10995	717.104	MN
508640	170.078	MN
4089	432.495	MN
16059	881.75	MN
15730	987.096	MN
64142	515.935	MN
9687	482.725	MN
15629	1678.137	MN
200226	6859.503	MN
129928	368.383	MN
88499	451.043	MN
15226	600.521	MN
150642	1389.952	MN
36576	432.339	MN
9726	575.319	MN
9783	752.188	MN
24895	979.5	MN
3558	585.853	MN
21676	549.616	MN
13843	543.233	MN
19136	432.973	MN
238136	422.745	MN
11211	439.729	MN
6576	751.17	MN
51461	641.583	MN
124700	714.269	MN
10438	763.227	MN
32297	487.548	MS
37057	401.361	MS
13131	731.597	MS
19564	736.689	MS
8729	408.654	MS
34145	905.817	MS
14962	587.959	MS
10597	634.585	MS
17392	504.246	MS
8547	419.855	MS
9604	501.204	MS
16732	693.534	MS
20634	416.006	MS
26151	583.152	MS
29449	779.464	MS
19568	414.931	MS
161252	497.011	MS
74934	470.233	MS
8118	566.763	MS
22578	483.652	MS
14400	718.696	MS
21906	449.404	MS
43929	552.5	MS
187105	976.171	MS
245285	877.292	MS
19198	764.618	MS
9375	431.234	MS
1406	441.426	MS
23401	540.45	MS
139668	1043.396	MS
17062	677.471	MS
7726	527.264	MS
12487	409.138	MS
67761	699.708	MS
10456	767.025	MS
47351	679.207	MS
55658	500.433	MS
80261	715.154	MS
12929	435.77	MS
23805	585.477	MS
82910	453.175	MS
32317	606.38	MS
34869	588.175	MS
59779	516.465	MS
95203	741.78	MS
27088	548.621	MS
37144	709.766	MS
36989	772.096	MS
10925	407.889	MS
29676	571.614	MS
21720	579.602	MS
11545	699.98	MS
47671	461.933	MS
34707	705.131	MS
55834	818.908	MS
12250	650.202	MS
40404	410.694	MS
29957	501.021	MS
25276	418.199	MS
8223	406.431	MS
141617	806.086	MS
28264	610.39	MS
4916	435.12	MS
27503	590.469	MS
16491	637.271	MS
17786	448.077	MS
29450	706.927	MS
15378	652.142	MS
28886	410.972	MS
22232	459.955	MS
19593	444.519	MS
10778	480.727	MS
27134	416.906	MS
15443	404.406	MS
48773	618.554	MS
51137	761.226	MS
20747	813.518	MS
10253	423.233	MS
9878	687.766	MS
19198	610.086	MS
12678	495.004	MS
28065	934.266	MS
25607	569.436	MO
17291	436.429	MO
5685	550.128	MO
25529	696.822	MO
35597	790.97	MO
12402	596.722	MO
17049	851.381	MO
19056	752.547	MO
12363	621.199	MO
162642	690.981	MO
89201	414.658	MO
42794	698.991	MO
9424	429.637	MO
44332	847.358	MO
44002	708.645	MO
75674	586.325	MO
9295	701.391	MO
6265	509.021	MO
99478	702.488	MO
13982	498.654	MO
7831	766.762	MO
77422	563.808	MO
7139	511.825	MO
221939	408.671	MO
20743	423.483	MO
75990	401.925	MO
17601	569.181	MO
24696	743.754	MO
7883	506.255	MO
16777	542.85	MO
8433	569.045	MO
12892	425.821	MO
15657	754.506	MO
13684	814.597	MO
31953	547.184	MO
101492	930.685	MO
15222	524.441	MO
6738	491.716	MO
275174	677.88	MO
10261	438.026	MO
8957	726.405	MO
22272	732.329	MO
9627	411.708	MO
4912	470.353	MO
10144	471.53	MO
40400	928.373	MO
10630	552.064	MO
674158	616.246	MO
117404	641.278	MO
218733	664.285	MO
52595	833.192	MO
4131	506.83	MO
35571	768.012	MO
33381	638.943	MO
38634	613.378	MO
10211	510.796	MO
52566	640.463	MO
12761	621.376	MO
15195	538.567	MO
23083	539.681	MO
15566	812.372	MO
12226	497.6	MO
9176	529.927	MO
28781	444.304	MO
3785	455.11	MO
24748	599.992	MO
14358	428.762	MO
15607	418.871	MO
8840	670.163	MO
12236	542.008	MO
20565	614.021	MO
18956	696.574	MO
58114	626.586	MO
23370	877.876	MO
10881	791.545	MO
13878	610.451	MO
9723	755.233	MO
18296	513.434	MO
18971	484.16	MO
42201	686.269	MO
45156	674.322	MO
18516	684.716	MO
89322	426.805	MO
31137	642.411	MO
52274	551.48	MO
4979	519.611	MO
10167	483.834	MO
25414	487.825	MO
23494	573.936	MO
6696	814.413	MO
14100	631.641	MO
360485	592.607	MO
9805	702.051	MO
18145	506.775	MO
65359	454.674	MO
998954	523.018	MO
23370	766.916	MO
4431	308.159	MO
4843	439.296	MO
39191	425.857	MO
8441	1003.999	MO
6373	502.318	MO
29968	829.021	MO
32202	510.777	MO
6714	651.504	MO
51675	651.639	MO
26008	1179.224	MO
21159	836.829	MO
32513	437.77	MO
25195	762.489	MO
13521	774.064	MO
36202	593.763	MO
2171	266.82	MO
18815	683.135	MO
319294	66.034	MO
9246	5571.892	MT
12865	5014.611	MT
6491	4238.776	MT
5612	1238.757	MT
10078	2062.163	MT
1160	3348.28	MT
81327	2711.484	MT
5813	3996.725	MT
11699	3793.217	MT
1751	1426.499	MT
8966	2383.172	MT
9298	741.201	MT
2890	1623.056	MT
11586	4350.414	MT
90928	5256.439	MT
89513	2632.066	MT
1206	4847.474	MT
13399	3036.924	MT
884	1176.341	MT
3079	1733.046	MT
16096	2916.024	MT
11406	1658.84	MT
2072	1870.619	MT
28746	1653.717	MT
63395	3497.715	MT
2339	1447.176	MT
19687	3675.126	MT
1734	2682.824	MT
7691	3602.793	MT
1891	2394.761	MT
4223	1223.259	MT
109299	2618.32	MT
4538	1870.907	MT
15636	2813.493	MT
494	1673.804	MT
4253	5211.88	MT
6153	1639.839	MT
1743	3297.903	MT
7027	2332.646	MT
1179	1742.566	MT
40212	2400.202	MT
9746	2103.287	MT
10425	2369.417	MT
9233	5027.007	MT
11413	2789.984	MT
3384	1706.093	MT
34200	719.052	MT
9117	1804.583	MT
3651	1862.034	MT
6073	2292.519	MT
5324	1945.766	MT
718	984.024	MT
7369	5061.791	MT
2168	1428.242	MT
1017	889.926	MT
147972	2649.032	MT
31364	564.23	NE
6685	858.592	NE
460	718.307	NE
690	746.267	NE
478	714.52	NE
5505	687.218	NE
11308	1077.837	NE
2099	544.531	NE
3145	1225.122	NE
46102	975.399	NE
6858	497.063	NE
8395	590.812	NE
25241	565.891	NE
8852	745.847	NE
3966	897.499	NE
5713	6009.332	NE
9998	1196.4	NE
6542	573.538	NE
10515	416.516	NE
9139	574.653	NE
10939	2575.882	NE
21006	267.421	NE
9182	1401.067	NE
24326	1019.433	NE
1941	440.712	NE
6000	482.901	NE
36691	543.0	NE
517110	339.347	NE
2008	920.854	NE
5890	576.525	NE
3225	576.004	NE
2756	980.08	NE
4959	720.644	NE
22311	859.958	NE
2057	1730.876	NE
2049	571.383	NE
2044	462.723	NE
614	783.224	NE
2538	570.656	NE
58607	552.145	NE
9124	547.021	NE
3423	574.061	NE
967	713.282	NE
2908	718.477	NE
10435	2417.496	NE
736	721.462	NE
6274	575.592	NE
7547	575.67	NE
5217	376.733	NE
6489	516.349	NE
8368	1109.736	NE
824	773.919	NE
3821	952.405	NE
8701	1139.721	NE
285407	846.381	NE
36288	2575.126	NE
763	571.125	NE
632	571.099	NE
539	860.011	NE
34876	575.451	NE
7845	494.498	NE
5042	1429.861	NE
3735	448.231	NE
7248	409.604	NE
4500	575.819	NE
15740	619.019	NE
2773	432.949	NE
2970	884.432	NE
9188	540.426	NE
7266	574.593	NE
32237	684.589	NE
5406	440.642	NE
11055	718.006	NE
8363	554.573	NE
1526	1011.719	NE
14200	576.309	NE
158840	247.523	NE
20780	759.82	NE
36970	745.362	NE
16750	575.887	NE
5469	2469.797	NE
3152	571.644	NE
1311	2067.463	NE
6129	431.003	NE
5228	574.975	NE
647	714.019	NE
6940	396.078	NE
4260	570.458	NE
20234	393.197	NE
9595	443.335	NE
3812	575.043	NE
818	575.591	NE
13665	575.829	NE
24877	5024.058	NV
1951269	8060.812	NV
46997	737.641	NV
48818	17202.946	NV
783	3589.039	NV
1987	4179.963	NV
16528	9657.822	NV
5775	5519.489	NV
5345	10636.987	NV
51980	2024.2	NV
4772	3812.978	NV
43946	18198.607	NV
6753	6067.426	NV
4010	263.643	NV
421407	6542.212	NV
10030	8896.76	NV
55274	157.244	NV
60088	468.582	NH
47818	992.434	NH
77117	729.099	NH
33055	1829.734	NH
89118	1749.545	NH
400721	892.215	NH
146445	956.447	NH
295223	795.11	NH
123143	384.002	NH
43742	551.994	NH
274549	671.826	NJ
905116	246.671	NJ
448734	819.838	NJ
513657	227.293	NJ
97265	620.417	NJ
156898	677.621	NJ
783969	129.631	NJ
288288	337.177	NJ
634266	62.313	NJ
128349	437.437	NJ
366513	228.888	NJ
809858	322.827	NJ
630380	665.32	NJ
492276	481.625	NJ
576567	915.401	NJ
501226	197.105	NJ
66083	372.329	NJ
323444	304.857	NJ
149265	535.743	NJ
536499	105.401	NJ
108692	362.858	NJ
662564	1167.188	NM
3725	6929.171	NM
65645	6075.123	NM
27213	4541.731	NM
13750	3768.222	NM
48376	1407.953	NM
2022	2333.882	NM
209233	3814.38	NM
53829	4197.522	NM
29514	3967.551	NM
4687	3031.597	NM
695	2125.888	NM
4894	3445.993	NM
64727	4394.202	NM
20497	4831.309	NM
17950	109.256	NM
25095	2965.355	NM
71492	5455.276	NM
4881	1933.621	NM
63797	6627.502	NM
9041	2881.583	NM
40246	5896.15	NM
19846	2454.653	NM
131561	3715.943	NM
130044	5538.424	NM
29393	4735.659	NM
144170	1910.871	NM
11988	4236.224	NM
17866	6648.749	NM
32937	2204.417	NM
16383	3345.733	NM
4549	3830.875	NM
76569	1068.294	NM
304204	533.302	NY
48946	1034.387	NY
1385108	57.478	NY
200600	715.515	NY
80317	1322.485	NY
80026	863.671	NY
134905	1500.183	NY
88830	410.779	NY
50477	898.63	NY
82128	1117.526	NY
63096	648.265	NY
49336	501.518	NY
47980	1467.446	NY
297488	825.348	NY
919040	1226.854	NY
39370	1916.228	NY
51599	1697.472	NY
55531	532.88	NY
60079	495.308	NY
49221	658.049	NY
4836	1807.804	NY
64519	1457.957	NY
116229	1857.222	NY
2504700	96.918	NY
27087	1289.961	NY
65393	640.259	NY
73442	661.283	NY
744344	1366.729	NY
50219	410.355	NY
1339532	453.234	NY
1585873	33.591	NY
216469	1139.669	NY
234878	1257.656	NY
467026	805.618	NY
107931	662.526	NY
372813	838.645	NY
42883	817.422	NY
122109	1312.083	NY
62259	1015.752	NY
99710	246.251	NY
2230722	178.207	NY
159429	665.393	NY
468730	102.291	NY
311687	199.342	NY
111944	2821.439	NY
219607	843.808	NY
154727	209.386	NY
32749	626.327	NY
18343	342.328	NY
35251	390.439	NY
98990	1404.083	NY
1493350	2373.133	NY
77547	996.723	NY
51125	522.88	NY
101564	491.558	NY
182493	1160.76	NY
65707	931.604	NY
63216	845.888	NY
93772	1383.051	NY
949113	499.995	NY
42155	596.287	NY
25348	375.79	NY
151131	434.737	NC
37198	263.65	NC
11155	236.547	NC
26948	537.094	NC
27281	429.269	NC
17797	247.229	NC
47759	958.215	NC
21282	741.249	NC
35190	887.158	NC
107431	1049.824	NC
238318	660.141	NC
90912	515.075	NC
178011	364.464	NC
83029	474.313	NC
9980	310.214	NC
66469	1340.625	NC
23719	428.252	NC
154358	413.415	NC
63505	709.831	NC
27444	466.724	NC
14793	233.298	NC
10587	220.629	NC
98078	468.251	NC
58098	953.64	NC
103505	774.162	NC
319431	658.367	NC
23547	526.592	NC
33920	1562.564	NC
162878	567.018	NC
41240	267.088	NC
58505	821.674	NC
267587	297.866	NC
56552	506.65	NC
350670	412.697	NC
60619	494.498	NC
206086	364.102	NC
12197	345.688	NC
8861	301.665	NC
59916	536.499	NC
21362	266.4	NC
488406	657.628	NC
54691	731.179	NC
114678	601.304	NC
59036	554.625	NC
106740	375.231	NC
24669	360.354	NC
46952	392.296	NC
5810	1424.026	NC
159437	596.902	NC
40271	494.545	NC
168878	795.504	NC
10153	473.215	NC
57866	259.043	NC
59495	402.818	NC
78265	307.041	NC
44996	445.997	NC
33922	519.687	NC
20764	451.437	NC
24505	461.508	NC
919628	545.909	NC
15579	222.087	NC
27798	501.794	NC
88247	705.853	NC
95840	542.769	NC
202667	328.203	NC
22099	550.605	NC
177772	905.913	NC
133801	401.428	NC
13144	566.75	NC
40661	289.437	NC
52217	932.786	NC
13453	328.966	NC
39464	404.079	NC
168148	654.825	NC
20510	238.535	NC
141752	789.35	NC
46639	479.918	NC
134168	950.987	NC
93643	572.705	NC
138428	523.725	NC
67810	565.85	NC
63431	946.595	NC
36157	320.324	NC
60585	404.84	NC
47401	455.629	NC
73673	536.303	NC
13981	540.644	NC
33090	380.513	NC
4407	594.218	NC
201292	639.526	NC
45422	269.82	NC
900993	857.322	NC
20972	443.762	NC
13228	423.847	NC
51079	313.453	NC
122623	556.852	NC
69340	756.92	NC
81234	373.732	NC
38406	337.506	NC
17818	313.16	NC
2343	988.713	ND
11066	1513.405	ND
6660	1439.497	ND
783	1153.475	ND
6429	1697.348	ND
3151	1167.053	ND
1968	1128.925	ND
81308	1668.297	ND
149778	1767.899	ND
3993	1509.96	ND
5289	1142.13	ND
2071	1294.229	ND
3536	2082.043	ND
2385	644.115	ND
3550	1555.022	ND
3343	646.824	ND
1680	1002.387	ND
66861	1439.503	ND
2394	1665.92	ND
2420	716.444	ND
2477	1133.78	ND
2435	1432.912	ND
4139	1150.89	ND
1990	1011.241	ND
5395	1911.543	ND
2809	994.74	ND
6360	2860.775	ND
8962	2328.017	ND
8424	1112.491	ND
27471	1945.446	ND
7673	1941.569	ND
3126	1008.816	ND
1846	731.189	ND
7413	1121.395	ND
4357	1082.334	ND
11451	1300.915	ND
5457	863.74	ND
2470	892.747	ND
16321	1445.445	ND
13937	939.341	ND
3829	866.899	ND
1321	1005.639	ND
4153	1128.245	ND
727	1219.161	ND
24199	1340.193	ND
1975	715.464	ND
21100	2297.908	ND
2246	1041.48	ND
8121	862.514	ND
11119	1294.095	ND
61675	2055.959	ND
4207	1290.373	ND
22398	2147.873	ND
28550	586.248	OH
106331	406.849	OH
53139	426.799	OH
101497	1367.902	OH
64757	508.441	OH
45949	401.905	OH
70400	541.274	OH
44846	493.452	OH
368130	470.133	OH
28836	398.931	OH
40097	429.833	OH
138333	402.527	OH
197363	459.766	OH
42040	412.294	OH
107841	534.688	OH
36901	567.482	OH
43784	402.697	OH
1280122	1245.587	OH
52959	599.757	OH
39037	414.19	OH
174214	457.329	OH
77079	625.987	OH
146156	508.561	OH
29030	407.015	OH
1163414	543.508	OH
42698	407.227	OH
30934	471.196	OH
93389	408.293	OH
161573	416.255	OH
40087	528.303	OH
802374	412.631	OH
74782	533.659	OH
32058	470.648	OH
15864	410.767	OH
28215	419.75	OH
43589	557.793	OH
29380	423.628	OH
42366	423.979	OH
59626	494.822	OH
33225	421.534	OH
69709	410.953	OH
60921	529.633	OH
230041	979.198	OH
62450	457.275	OH
166492	687.491	OH
45858	466.772	OH
301356	923.331	OH
441815	595.877	OH
43435	466.63	OH
238823	425.286	OH
66501	404.108	OH
172332	423.016	OH
23770	433.001	OH
40814	473.425	OH
102506	409.656	OH
14642	457.458	OH
535153	464.335	OH
15054	421.783	OH
34827	407.222	OH
86074	672.583	OH
14645	404.57	OH
41428	585.063	OH
19614	418.848	OH
36058	412.486	OH
55698	506.552	OH
28709	443.976	OH
161419	504.064	OH
42270	426.462	OH
34499	484.3	OH
124475	500.078	OH
78064	693.025	OH
60944	417.707	OH
79499	616.148	OH
56745	552.793	OH
49423	410.692	OH
375586	580.533	OH
541781	420.055	OH
210312	636.568	OH
92582	571.451	OH
52300	436.872	OH
28744	410.425	OH
13435	414.978	OH
212693	407.313	OH
61778	639.997	OH
114520	556.817	OH
37642	423.091	OH
125488	620.491	OH
22615	407.554	OH
22683	577.053	OK
5642	881.338	OK
14182	989.912	OK
5636	1817.509	OK
22119	903.939	OK
11943	938.792	OK
42416	943.942	OK
29600	1290.189	OK
115541	905.601	OK
47557	833.764	OK
46987	776.291	OK
15205	799.572	OK
2475	1840.886	OK
255755	558.086	OK
5925	521.346	OK
124098	1083.704	OK
6193	641.957	OK
15029	762.782	OK
69967	969.825	OK
27469	1002.069	OK
41487	792.311	OK
4810	1008.236	OK
4151	1231.883	OK
60580	1060.065	OK
27576	813.689	OK
52431	1104.9	OK
4527	1003.582	OK
6239	643.632	OK
2922	538.661	OK
3685	1041.048	OK
12769	625.273	OK
14003	814.881	OK
26446	804.24	OK
6472	774.082	OK
10957	658.245	OK
46562	944.966	OK
15034	906.018	OK
9446	1030.702	OK
11154	729.113	OK
50384	1608.526	OK
34273	965.679	OK
41848	748.825	OK
9423	532.394	OK
34506	580.253	OK
33151	1902.375	OK
20252	712.286	OK
7527	957.942	OK
15840	426.935	OK
41259	683.512	OK
13488	425.094	OK
70990	839.779	OK
11561	742.536	OK
10536	580.785	OK
12191	628.87	OK
718633	718.373	OK
40069	702.335	OK
47472	2303.974	OK
31848	484.608	OK
16577	594.765	OK
77350	696.973	OK
45837	1377.826	OK
37492	725.225	OK
69442	793.403	OK
11572	1422.858	OK
3647	1146.424	OK
86905	711.497	OK
25482	640.474	OK
42391	714.152	OK
45048	891.363	OK
20640	2048.68	OK
7992	879.201	OK
603403	587.018	OK
73085	590.676	OK
50976	424.268	OK
11629	1008.796	OK
8878	1289.964	OK
20081	1246.142	OK
16134	3088.369	OR
85579	678.612	OR
375992	1882.611	OR
37039	1084.383	OR
49351	688.33	OR
63043	1806.363	OR
20978	2987.269	OR
22364	1988.345	OR
157733	3054.768	OR
107667	5133.767	OR
1871	1222.84	OR
7445	4529.272	OR
7422	10226.411	OR
22346	533.187	OR
203206	2801.649	OR
21720	1790.913	OR
82713	1641.847	OR
66380	6135.549	OR
7895	8358.258	OR
351715	4721.865	OR
46034	1193.783	OR
116672	2308.961	OR
31313	9929.7	OR
315335	1192.505	OR
11173	2048.512	OR
735334	465.603	OR
75403	743.914	OR
1765	831.186	OR
25250	1332.763	OR
75889	3231.406	OR
25748	2038.535	OR
7008	3151.671	OR
25213	2395.398	OR
529710	726.42	OR
1441	1715.229	OR
99193	718.343	OR
101407	521.788	PA
1223348	744.523	PA
68941	663.843	PA
170539	444.043	PA
49762	1016.905	PA
411442	865.755	PA
127089	527.069	PA
62622	1161.019	PA
625249	621.874	PA
183862	794.751	PA
143679	693.633	PA
5085	398.418	PA
65249	387.387	PA
153990	1112.963	PA
498886	759.235	PA
39988	609.844	PA
81642	1153.963	PA
39238	896.933	PA
67295	490.159	PA
88765	1037.515	PA
235406	550.302	PA
268100	558.178	PA
558979	190.603	PA
31946	832.307	PA
280566	1558.231	PA
136606	798.31	PA
7716	430.496	PA
149618	772.821	PA
14845	438.055	PA
38686	577.978	PA
45913	889.266	PA
88880	834.294	PA
45200	656.801	PA
24636	393.515	PA
214437	464.91	PA
519445	983.803	PA
91108	362.715	PA
133568	362.499	PA
349497	348.239	PA
320918	906.265	PA
116111	1243.835	PA
43450	984.219	PA
116638	682.605	PA
46682	414.716	PA
169842	617.259	PA
799874	487.195	PA
18267	132.33	PA
297735	377.396	PA
94528	477.525	PA
45969	555.537	PA
1526006	142.707	PA
57369	566.85	PA
17457	1081.539	PA
148289	782.815	PA
39702	331.521	PA
77742	1080.932	PA
6428	452.495	PA
43356	832.143	PA
41981	1136.966	PA
44947	317.777	PA
54984	682.836	PA
41815	898.563	PA
207820	860.907	PA
52822	750.615	PA
365169	1036.074	PA
28276	405.054	PA
434972	910.722	PA
49875	44.75	RI
166158	188.123	RI
82888	313.594	RI
626667	435.656	RI
126979	562.764	RI
25417	510.992	SC
160099	1080.596	SC
10419	412.417	SC
187126	757.436	SC
15987	395.563	SC
22621	557.263	SC
162233	923.396	SC
177843	1229.237	SC
15175	392.483	SC
350209	1357.996	SC
55342	397.178	SC
33140	586.164	SC
46734	805.745	SC
34971	695.649	SC
38892	1133.286	SC
68681	566.805	SC
32062	406.592	SC
136555	575.806	SC
26985	506.7	SC
23956	709.881	SC
136885	803.725	SC
60158	1034.647	SC
451225	794.866	SC
69661	462.926	SC
21090	562.706	SC
269291	1255.002	SC
24777	699.362	SC
61697	740.395	SC
76652	555.122	SC
66537	723.839	SC
19220	411.232	SC
262391	757.729	SC
10233	393.873	SC
33062	494.135	SC
28933	485.274	SC
37508	647.286	SC
74273	673.513	SC
92501	1127.902	SC
119224	512.029	SC
384504	771.711	SC
19875	461.82	SC
284307	819.243	SC
107456	682.085	SC
28961	516.026	SC
34423	937.043	SC
226073	695.808	SC
2710	712.75	SD
17398	1264.814	SD
3431	1190.505	SD
7070	581.662	SD
31965	804.935	SD
36531	1730.951	SD
5255	846.476	SD
1912	487.74	SD
10110	2266.397	SD
1466	770.837	SD
9129	1150.235	SD
3691	967.499	SD
13864	417.235	SD
27227	717.164	SD
4050	2529.649	SD
8216	1559.119	SD
19504	436.919	SD
5710	1091.093	SD
4364	636.613	SD
5301	2445.283	SD
3002	433.668	SD
4071	1151.067	SD
7094	1749.147	SD
2364	1005.96	SD
7356	687.538	SD
4271	1053.529	SD
1937	1826.925	SD
5903	538.07	SD
3431	1440.18	SD
3331	435.375	SD
1255	2677.922	SD
17022	800.733	SD
7343	814.421	SD
1420	866.139	SD
3031	1871.288	SD
2071	532.669	SD
1006	970.893	SD
5148	863.763	SD
11200	575.162	SD
24097	800.311	SD
44828	577.749	SD
3755	1706.674	SD
5618	576.868	SD
2459	1151.536	SD
4656	886.224	SD
25434	3482.849	SD
2048	1310.866	SD
2389	571.931	SD
169468	813.863	SD
6486	520.807	SD
13586	2096.649	SD
100948	2784.262	SD
2982	2889.991	SD
2329	898.666	SD
10149	1135.77	SD
2355	570.476	SD
6415	1509.741	SD
2966	1517.167	SD
1373	1070.286	SD
9612	1390.816	SD
5644	1617.571	SD
8347	617.694	SD
14399	467.129	SD
5438	744.62	SD
22438	532.218	SD
2801	1970.62	SD
75129	344.796	TN
45058	474.787	TN
16489	436.231	TN
12876	406.749	TN
123010	566.547	TN
98963	331.449	TN
40716	498.146	TN
13801	265.696	TN
28522	600.08	TN
57424	347.634	TN
39105	307.056	TN
17131	285.958	TN
32213	441.575	TN
7861	259.343	TN
35662	443.135	TN
52796	434.554	TN
14586	265.739	TN
56053	684.819	TN
626681	525.944	TN
11757	344.883	TN
18723	328.987	TN
49666	491.32	TN
38335	526.528	TN
38413	706.239	TN
17959	498.932	TN
41052	575.735	TN
49683	603.651	TN
29485	611.175	TN
22657	302.459	TN
68831	624.117	TN
13703	361.122	TN
62544	175.804	TN
336463	575.88	TN
6819	223.492	TN
27253	670.381	TN
26026	596.294	TN
56833	499.597	TN
18787	534.061	TN
27769	525.884	TN
32330	593.416	TN
24690	612.628	TN
8426	206.974	TN
18538	556.702	TN
11638	319.525	TN
51407	314.305	TN
18244	302.723	TN
432226	525.866	TN
7832	193.893	TN
27815	507.581	TN
41869	617.989	TN
12161	282.487	TN
33361	570.72	TN
48556	247.37	TN
52266	432.183	TN
26075	563.612	TN
22248	307.239	TN
98294	558.626	TN
28237	512.253	TN
30617	376.156	TN
80956	615.578	TN
11753	216.749	TN
44519	652.559	TN
172331	543.83	TN
6362	130.417	TN
21987	522.493	TN
31807	555.506	TN
22083	434.834	TN
7915	422.872	TN
5077	174.494	TN
16825	442.334	TN
72321	402.564	TN
31809	336.405	TN
54181	394.977	TN
66283	476.461	TN
262604	624.053	TN
22228	533.229	TN
14112	266.044	TN
89889	597.718	TN
927644	785.018	TN
19166	325.373	TN
13324	493.011	TN
156823	429.707	TN
160645	543.217	TN
61081	473.314	TN
7870	116.643	TN
18313	186.493	TN
19109	247.137	TN
5548	274.532	TN
39839	434.035	TN
122979	329.798	TN
17021	735.653	TN
35021	581.785	TN
25841	379.425	TN
183182	583.768	TN
113993	583.196	TN
58458	1078.001	TX
14786	1501.083	TX
86771	864.706	TX
23158	527.991	TX
9054	925.418	TX
1901	913.827	TX
44911	1221.473	TX
28417	656.383	TX
7165	827.481	TX
20485	797.636	TX
74171	895.546	TX
3726	901.067	TX
31861	880.334	TX
310235	1087.837	TX
1714773	1256.086	TX
10497	713.427	TX
641	906.052	TX
18212	1002.543	TX
92565	922.968	TX
313166	1608.587	TX
194851	591.238	TX
9232	6192.252	TX
1637	901.572	TX
7223	943.65	TX
38106	956.954	TX
17187	676.812	TX
42750	1021.262	TX
38066	547.162	TX
21381	1032.676	TX
13544	901.263	TX
406220	1276.457	TX
12401	203.233	TX
6182	924.106	TX
30464	960.322	TX
8062	899.293	TX
35096	871.183	TX
50845	1062.192	TX
7041	713.716	TX
10752	1116.754	TX
3127	775.238	TX
3320	927.991	TX
8895	1281.433	TX
782341	886.104	TX
3057	919.321	TX
20874	973.686	TX
108472	574.878	TX
13974	947.684	TX
4087	993.693	TX
38437	898.44	TX
75388	1056.756	TX
1505	901.615	TX
4375	785.724	TX
3719	2807.348	TX
6059	901.694	TX
2398	3813.013	TX
6703	1505.26	TX
2368139	908.614	TX
13833	902.129	TX
19372	1498.384	TX
5231	277.932	TX
662614	952.977	TX
20097	910.489	TX
2444	905.221	TX
9996	1334.512	TX
3677	933.046	TX
11782	1795.596	TX
18583	931.915	TX
137130	901.779	TX
2002	2119.866	TX
149610	951.748	TX
800647	1014.96	TX
37890	1089.807	TX
17866	773.841	TX
33915	898.884	TX
24554	959.808	TX
3974	901.753	TX
6446	992.523	TX
1336	707.685	TX
585375	885.341	TX
10605	294.768	TX
19816	891.992	TX
17217	1134.347	TX
17526	1502.863	TX
291309	873.808	TX
6461	896.199	TX
24837	1061.681	TX
1226	901.085	TX
7210	859.369	TX
19807	1069.854	TX
22535	929.333	TX
120877	979.177	TX
121730	275.764	TX
26604	801.603	TX
131533	714.815	TX
36273	1004.778	TX
3353	904.097	TX
8517	836.392	TX
5613	920.408	TX
4139	696.87	TX
54635	897.552	TX
4092459	1777.483	TX
65631	915.754	TX
6062	1463.201	TX
5899	910.263	TX
157107	679.923	TX
3807	912.157	TX
78532	948.331	TX
774769	1582.908	TX
35089	985.72	TX
22935	908.564	TX
51182	436.828	TX
35161	792.772	TX
23732	1236.575	TX
35012	904.205	TX
3476	4571.829	TX
86129	882.023	TX
22150	894.952	TX
1599	1051.631	TX
9044	920.126	TX
14075	856.872	TX
35710	969.697	TX
2342	2264.635	TX
252273	1112.649	TX
5300	1136.174	TX
40838	868.34	TX
150934	734.464	TX
20202	937.137	TX
14824	753.548	TX
103350	807.66	TX
33410	663.031	TX
416	1945.797	TX
808	902.918	TX
49625	1107.276	TX
4607	1251.178	TX
286	913.342	TX
3598	1365.123	TX
32061	1090.205	TX
3719	855.477	TX
49793	933.103	TX
13977	1017.715	TX
19677	713.934	TX
6886	1494.235	TX
19263	970.436	TX
16612	634.1	TX
16801	1080.619	TX
75643	1176.337	TX
23384	933.164	TX
3302	932.294	TX
11531	1078.879	TX
19301	965.856	TX
82	676.706	TX
278831	900.7	TX
5915	893.477	TX
8283	1073.43	TX
234906	1060.231	TX
707	1156.785	TX
13664	472.433	TX
10546	420.322	TX
4799	915.69	TX
4012	932.214	TX
36702	1612.51	TX
54258	1291.778	TX
46006	1334.533	TX
2242	902.267	TX
136872	902.05	TX
24757	1021.771	TX
4936	749.768	TX
9403	915.912	TX
19719	938.276	TX
455746	1076.879	TX
21904	909.621	TX
12934	258.701	TX
1210	989.81	TX
64524	981.188	TX
47735	1085.936	TX
14445	939.728	TX
15216	913.948	TX
340223	1165.598	TX
10223	918.141	TX
2052	1501.436	TX
81837	379.53	TX
28111	985.509	TX
23796	821.303	TX
116927	910.094	TX
10269	885.158	TX
15507	4764.825	TX
45413	1109.66	TX
121073	921.99	TX
7818	3855.922	TX
10914	258.828	TX
120725	922.429	TX
3367	1175.993	TX
3309	700.101	TX
12860	1056.736	TX
13783	2642.092	TX
7383	818.243	TX
929	924.192	TX
16622	865.353	TX
78337	148.717	TX
10501	1057.096	TX
53330	938.407	TX
10834	576.65	TX
8865	592.297	TX
26384	627.911	TX
64804	707.945	TX
6131	1138.414	TX
3461	1310.664	TX
16921	907.544	TX
3378	915.548	TX
25448	834.617	TX
3034	923.201	TX
209714	949.721	TX
8490	191.954	TX
60968	1229.087	TX
9630	921.481	TX
1143	923.516	TX
1490	920.243	TX
4128	1454.419	TX
7854	900.691	TX
1809034	902.304	TX
131506	919.305	TX
984	2358.067	TX
12651	890.941	TX
1641	915.481	TX
32334	425.643	TX
110224	1540.545	TX
1024266	1023.008	TX
14585	713.968	TX
21766	935.623	TX
39309	592.599	TX
3355	1241.503	TX
26405	1558.634	TX
48879	3232.67	TX
52579	859.61	TX
86793	888.836	TX
67861	801.504	TX
43205	517.818	TX
10658	835.843	TX
33718	621.751	TX
250304	3375.589	TX
41280	1094.37	TX
5410	915.481	TX
131500	633.116	TX
13535	977.893	TX
22134	784.268	TX
422679	1134.439	TX
42918	808.411	TX
7110	841.267	TX
59127	922.584	TX
41964	695.718	TX
7879	799.721	TX
18550	930.859	TX
14018	1058.015	TX
11677	1301.734	TX
6629	2591.938	UT
49975	6729.317	UT
112656	1173.023	UT
21403	1484.583	UT
1059	720.709	UT
306479	633.962	UT
18607	3255.921	UT
10976	4471.809	UT
5172	5208.247	UT
9225	3683.682	UT
46163	3301.08	UT
10246	3406.399	UT
7125	4108.518	UT
12503	6827.892	UT
9469	610.905	UT
1556	765.717	UT
2264	1086.357	UT
1029655	807.367	UT
14746	7933.153	UT
27822	1602.537	UT
20802	1918.399	UT
36324	1881.971	UT
58218	7286.08	UT
32588	4501.387	UT
516564	2144.114	UT
23530	1205.985	UT
138115	2429.952	UT
2778	2466.489	UT
231236	659.386	UT
36821	807.757	VT
37125	677.656	VT
31227	657.537	VT
156545	619.299	VT
6306	675.294	VT
47746	691.982	VT
6970	194.668	VT
24475	463.686	VT
28936	692.265	VT
27231	721.164	VT
61642	944.78	VT
59534	695.423	VT
44513	798.068	VT
56670	976.784	VT
33164	1310.038	VA
98970	726.117	VA
16250	448.753	VA
12690	358.522	VA
32353	478.849	VA
14973	334.731	VA
207627	26.068	VA
73750	970.855	VA
4731	534.583	VA
68676	769.254	VA
6824	358.728	VA
33148	545.911	VA
17434	569.385	VA
24098	503.843	VA
17146	583.556	VA
54842	507.327	VA
28545	536.869	VA
30042	477.643	VA
7256	204.242	VA
12586	477.521	VA
316236	436.955	VA
14034	178.362	VA
5190	330.615	VA
46689	382.544	VA
10052	299.751	VA
15903	333.662	VA
28001	507.192	VA
11151	286.001	VA
1081726	406.246	VA
65203	651.225	VA
15279	381.292	VA
25691	290.148	VA
56159	711.548	VA
78305	415.507	VA
17286	360.421	VA
36858	287.981	VA
21717	289.905	VA
15533	445.955	VA
18403	156.905	VA
12243	296.807	VA
36241	829.634	VA
99863	473.806	VA
306935	244.907	VA
54151	384.38	VA
2321	415.853	VA
35270	362.828	VA
67009	179.241	VA
6945	326.286	VA
23584	187.758	VA
15935	285.634	VA
11391	231.398	VA
25587	437.409	VA
312311	521.138	VA
33153	510.871	VA
12914	432.376	VA
13308	321.874	VA
8978	251.962	VA
32727	679.228	VA
10959	210.761	VA
94392	389.265	VA
15020	474.306	VA
18429	223.471	VA
12389	795.249	VA
12330	285.621	VA
15853	316.049	VA
33481	343.264	VA
24042	314.075	VA
18490	485.863	VA
63506	978.175	VA
28046	262.347	VA
23368	353.837	VA
35725	281.84	VA
402002	348.475	VA
34872	329.594	VA
7373	267.026	VA
9254	216.357	VA
92376	251.247	VA
22307	600.972	VA
76314	853.357	VA
28897	476.754	VA
23177	538.639	VA
41993	512.174	VA
32208	452.289	VA
18570	602.33	VA
122397	414.256	VA
128961	279.929	VA
7058	310.307	VA
12087	492.828	VA
45078	519.971	VA
37575	216.741	VA
54876	565.994	VA
17454	252.967	VA
41452	405.229	VA
29235	464.647	VA
65464	214.958	VA
139966	15.467	VA
17835	13.153	VA
6650	6.79	VA
43475	10.258	VA
222209	350.859	VA
17411	7.812	VA
5961	5.67	VA
43055	43.948	VA
5927	6.968	VA
22565	6.276	VA
12332	1.999	VA
8582	8.349	VA
24286	10.51	VA
7042	8.28	VA
137436	136.299	VA
48914	17.476	VA
22591	10.802	VA
7042	2.523	VA
75568	49.647	VA
37821	9.938	VA
14273	2.535	VA
13821	11.008	VA
180719	119.477	VA
242803	96.351	VA
3958	7.515	VA
32420	23.178	VA
12150	78.426	VA
95535	46.733	VA
16408	10.207	VA
204214	62.462	VA
97032	42.903	VA
24802	14.539	VA
23746	20.035	VA
84585	429.091	VA
437994	497.338	VA
21006	15.201	VA
14068	9.183	VA
26203	9.254	VA
18728	1929.852	WA
21623	640.644	WA
175177	1759.998	WA
72453	2993.882	WA
71404	2670.638	WA
425363	656.233	WA
4078	873.481	WA
102410	1166.211	WA
38431	1848.655	WA
7551	2257.322	WA
78163	1265.412	WA
2266	718.211	WA
89120	2791.319	WA
72797	2224.406	WA
78506	517.375	WA
29872	2183.142	WA
1931249	2306.869	WA
251133	565.919	WA
40915	2332.935	WA
20318	1904.156	WA
75455	2436.253	WA
10570	2339.353	WA
60699	1051.018	WA
41120	5314.793	WA
20920	1223.384	WA
13001	1425.242	WA
795225	1806.442	WA
15769	621.064	WA
116901	1920.134	WA
11066	1683.806	WA
713335	2196.297	WA
471221	1780.703	WA
43531	2540.75	WA
252264	773.502	WA
3978	287.181	WA
58781	1299.02	WA
201140	2503.471	WA
44776	2177.6	WA
243231	4311.277	WA
16589	342.85	WV
104169	321.557	WV
24629	503.196	WV
14523	516.273	WV
24069	92.572	WV
96319	288.017	WV
7627	280.679	WV
9386	343.816	WV
8202	320.476	WV
46039	668.348	WV
8693	340.079	WV
11937	480.286	WV
35480	1024.51	WV
23964	644.629	WV
30676	87.968	WV
14025	584.484	WV
69099	416.518	WV
29211	471.629	WV
53498	211.672	WV
193063	910.92	WV
16372	389.646	WV
21720	438.593	WV
36743	455.616	WV
22113	534.899	WV
56418	311.518	WV
33107	312.154	WV
27324	444.715	WV
62264	420.724	WV
28212	329.218	WV
26839	423.968	WV
96189	365.88	WV
13502	473.64	WV
17541	229.614	WV
26233	654.407	WV
44443	109.024	WV
7695	698.148	WV
7605	134.547	WV
8719	941.82	WV
33520	651.389	WV
55486	350.399	WV
78859	609.347	WV
29405	1039.946	WV
10449	453.699	WV
14926	483.719	WV
13927	367.727	WV
16895	175.679	WV
7141	421.057	WV
9208	260.697	WV
24254	354.755	WV
42481	512.112	WV
9154	556.228	WV
16583	361.33	WV
5717	234.766	WV
86956	376.767	WV
23796	501.819	WV
20875	688.552	WI
16157	2292.38	WI
45870	889.764	WI
15014	2041.674	WI
248007	615.709	WI
13587	709.594	WI
15457	880.232	WI
48971	397.077	WI
62415	1041.282	WI
34690	1218.786	WI
56833	795.972	WI
16644	599.21	WI
488073	1238.245	WI
88759	907.054	WI
27785	2370.25	WI
44159	1479.676	WI
43857	863.865	WI
98736	645.246	WI
4423	497.523	WI
101633	765.84	WI
9304	1046.326	WI
51208	1183.344	WI
36842	584.465	WI
19051	380.298	WI
23687	767.935	WI
5916	919.164	WI
20449	1000.276	WI
83686	582.737	WI
26664	804.028	WI
166426	754.015	WI
20574	1084.297	WI
114638	479.925	WI
16836	634.568	WI
19977	887.882	WI
28743	906.999	WI
81442	1494.075	WI
134063	1576.311	WI
41749	1550.009	WI
15404	464.299	WI
4232	364.959	WI
947735	1189.539	WI
44673	908.218	WI
37660	1148.795	WI
35998	1235.991	WI
176695	644.588	WI
86395	1116.197	WI
7469	248.695	WI
41019	591.874	WI
44205	956.407	WI
70019	822.658	WI
14159	1278.42	WI
195408	792.117	WI
18021	589.299	WI
160331	726.106	WI
14755	930.883	WI
84345	735.684	WI
61976	848.617	WI
16557	1350.266	WI
41949	909.472	WI
115507	1271.222	WI
20689	984.421	WI
28816	741.989	WI
29773	816.406	WI
21430	1017.844	WI
102228	576.558	WI
15911	853.317	WI
131887	435.724	WI
389891	580.596	WI
52410	765.204	WI
24496	637.408	WI
166994	578.572	WI
74749	809.441	WI
36299	4308.788	WY
11668	3158.885	WY
46133	4806.708	WY
15885	7963.987	WY
13833	4265.071	WY
7083	2865.296	WY
40123	9265.718	WY
13249	2232.179	WY
4812	2006.412	WY
8569	4174.596	WY
91738	2687.561	WY
18106	4095.405	WY
75450	5375.665	WY
2484	2627.956	WY
28205	6967.415	WY
8667	2110.863	WY
29116	2527.077	WY
10247	4935.71	WY
43806	10491.085	WY
21294	4216.332	WY
21118	2087.574	WY
8533	2242.704	WY
7208	2400.02	WY
